id,Date,Temp,Month,Year
0,01/01/81,20.7,1,1981
1,02/01/81,17.9,1,1981
2,03/01/81,18.8,1,1981
3,04/01/81,14.6,1,1981
4,05/01/81,15.8,1,1981
5,06/01/81,15.8,1,1981
6,07/01/81,15.8,1,1981
7,08/01/81,17.4,1,1981
8,09/01/81,21.8,1,1981
9,10/01/81,20.0,1,1981
10,11/01/81,16.2,1,1981
11,12/01/81,13.3,1,1981
12,13/01/81,16.7,1,1981
13,14/01/81,21.5,1,1981
14,15/01/81,25.0,1,1981
15,16/01/81,20.7,1,1981
16,17/01/81,20.6,1,1981
17,18/01/81,24.8,1,1981
18,19/01/81,17.7,1,1981
19,20/01/81,15.5,1,1981
20,21/01/81,18.2,1,1981
21,22/01/81,12.1,1,1981
22,23/01/81,14.4,1,1981
23,24/01/81,16.0,1,1981
24,25/01/81,16.5,1,1981
25,26/01/81,18.7,1,1981
26,27/01/81,19.4,1,1981
27,28/01/81,17.2,1,1981
28,29/01/81,15.5,1,1981
29,30/01/81,15.1,1,1981
30,31/01/81,15.4,1,1981
31,01/02/81,15.3,2,1981
32,02/02/81,18.8,2,1981
33,03/02/81,21.9,2,1981
34,04/02/81,19.9,2,1981
35,05/02/81,16.6,2,1981
36,06/02/81,16.8,2,1981
37,07/02/81,14.6,2,1981
38,08/02/81,17.1,2,1981
39,09/02/81,25.0,2,1981
40,10/02/81,15.0,2,1981
41,11/02/81,13.7,2,1981
42,12/02/81,13.9,2,1981
43,13/02/81,18.3,2,1981
44,14/02/81,22.0,2,1981
45,15/02/81,22.1,2,1981
46,16/02/81,21.2,2,1981
47,17/02/81,18.4,2,1981
48,18/02/81,16.6,2,1981
49,19/02/81,16.1,2,1981
50,20/02/81,15.7,2,1981
51,21/02/81,16.6,2,1981
52,22/02/81,16.5,2,1981
53,23/02/81,14.4,2,1981
54,24/02/81,14.4,2,1981
55,25/02/81,18.5,2,1981
56,26/02/81,16.9,2,1981
57,27/02/81,17.5,2,1981
58,28/02/81,21.2,2,1981
59,01/03/81,17.8,3,1981
60,02/03/81,18.6,3,1981
61,03/03/81,17.0,3,1981
62,04/03/81,16.0,3,1981
63,05/03/81,13.3,3,1981
64,06/03/81,14.3,3,1981
65,07/03/81,11.4,3,1981
66,08/03/81,16.3,3,1981
67,09/03/81,16.1,3,1981
68,10/03/81,11.8,3,1981
69,11/03/81,12.2,3,1981
70,12/03/81,14.7,3,1981
71,13/03/81,11.8,3,1981
72,14/03/81,11.3,3,1981
73,15/03/81,10.6,3,1981
74,16/03/81,11.7,3,1981
75,17/03/81,14.2,3,1981
76,18/03/81,11.2,3,1981
77,19/03/81,16.9,3,1981
78,20/03/81,16.7,3,1981
79,21/03/81,8.1,3,1981
80,22/03/81,8.0,3,1981
81,23/03/81,8.8,3,1981
82,24/03/81,13.4,3,1981
83,25/03/81,10.9,3,1981
84,26/03/81,13.4,3,1981
85,27/03/81,11.0,3,1981
86,28/03/81,15.0,3,1981
87,29/03/81,15.7,3,1981
88,30/03/81,14.5,3,1981
89,31/03/81,15.8,3,1981
90,01/04/81,16.7,4,1981
91,02/04/81,16.8,4,1981
92,03/04/81,17.5,4,1981
93,04/04/81,17.1,4,1981
94,05/04/81,18.1,4,1981
95,06/04/81,16.6,4,1981
96,07/04/81,10.0,4,1981
97,08/04/81,14.9,4,1981
98,09/04/81,15.9,4,1981
99,10/04/81,13.0,4,1981
100,11/04/81,7.6,4,1981
101,12/04/81,11.5,4,1981
102,13/04/81,13.5,4,1981
103,14/04/81,13.0,4,1981
104,15/04/81,13.3,4,1981
105,16/04/81,12.1,4,1981
106,17/04/81,12.4,4,1981
107,18/04/81,13.2,4,1981
108,19/04/81,13.8,4,1981
109,20/04/81,10.6,4,1981
110,21/04/81,9.0,4,1981
111,22/04/81,10.0,4,1981
112,23/04/81,9.8,4,1981
113,24/04/81,11.5,4,1981
114,25/04/81,8.9,4,1981
115,26/04/81,7.4,4,1981
116,27/04/81,9.9,4,1981
117,28/04/81,9.3,4,1981
118,29/04/81,9.9,4,1981
119,30/04/81,7.4,4,1981
120,01/05/81,8.6,5,1981
121,02/05/81,11.9,5,1981
122,03/05/81,14.0,5,1981
123,04/05/81,8.6,5,1981
124,05/05/81,10.0,5,1981
125,06/05/81,13.5,5,1981
126,07/05/81,12.0,5,1981
127,08/05/81,10.5,5,1981
128,09/05/81,10.7,5,1981
129,10/05/81,8.1,5,1981
130,11/05/81,10.1,5,1981
131,12/05/81,10.6,5,1981
132,13/05/81,5.3,5,1981
133,14/05/81,6.6,5,1981
134,15/05/81,8.5,5,1981
135,16/05/81,11.2,5,1981
136,17/05/81,9.8,5,1981
137,18/05/81,5.9,5,1981
138,19/05/81,3.2,5,1981
139,20/05/81,2.1,5,1981
140,21/05/81,3.4,5,1981
141,22/05/81,5.4,5,1981
142,23/05/81,9.6,5,1981
143,24/05/81,11.5,5,1981
144,25/05/81,12.3,5,1981
145,26/05/81,12.6,5,1981
146,27/05/81,11.0,5,1981
147,28/05/81,11.2,5,1981
148,29/05/81,11.4,5,1981
149,30/05/81,11.8,5,1981
150,31/05/81,12.8,5,1981
151,01/06/81,11.6,6,1981
152,02/06/81,10.6,6,1981
153,03/06/81,9.8,6,1981
154,04/06/81,11.2,6,1981
155,05/06/81,5.7,6,1981
156,06/06/81,7.1,6,1981
157,07/06/81,2.5,6,1981
158,08/06/81,3.5,6,1981
159,09/06/81,4.6,6,1981
160,10/06/81,11.0,6,1981
161,11/06/81,5.7,6,1981
162,12/06/81,7.7,6,1981
163,13/06/81,10.4,6,1981
164,14/06/81,11.4,6,1981
165,15/06/81,9.2,6,1981
166,16/06/81,6.1,6,1981
167,17/06/81,2.7,6,1981
168,18/06/81,4.3,6,1981
169,19/06/81,6.3,6,1981
170,20/06/81,3.8,6,1981
171,21/06/81,4.4,6,1981
172,22/06/81,7.1,6,1981
173,23/06/81,4.8,6,1981
174,24/06/81,5.8,6,1981
175,25/06/81,6.2,6,1981
176,26/06/81,7.3,6,1981
177,27/06/81,9.2,6,1981
178,28/06/81,10.2,6,1981
179,29/06/81,9.5,6,1981
180,30/06/81,9.5,6,1981
181,01/07/81,10.7,7,1981
182,02/07/81,10.0,7,1981
183,03/07/81,6.5,7,1981
184,04/07/81,7.0,7,1981
185,05/07/81,7.4,7,1981
186,06/07/81,8.1,7,1981
187,07/07/81,6.6,7,1981
188,08/07/81,8.3,7,1981
189,09/07/81,8.9,7,1981
190,10/07/81,4.6,7,1981
191,11/07/81,6.8,7,1981
192,12/07/81,5.7,7,1981
193,13/07/81,6.1,7,1981
194,14/07/81,7.0,7,1981
195,15/07/81,7.2,7,1981
196,16/07/81,6.3,7,1981
197,17/07/81,8.8,7,1981
198,18/07/81,5.0,7,1981
199,19/07/81,7.4,7,1981
200,20/07/81,10.1,7,1981
201,21/07/81,12.0,7,1981
202,22/07/81,9.0,7,1981
203,23/07/81,8.9,7,1981
204,24/07/81,9.8,7,1981
205,25/07/81,9.0,7,1981
206,26/07/81,9.2,7,1981
207,27/07/81,7.7,7,1981
208,28/07/81,8.0,7,1981
209,29/07/81,6.1,7,1981
210,30/07/81,3.5,7,1981
211,31/07/81,3.2,7,1981
212,01/08/81,5.7,8,1981
213,02/08/81,7.7,8,1981
214,03/08/81,9.0,8,1981
215,04/08/81,10.0,8,1981
216,05/08/81,6.2,8,1981
217,06/08/81,6.9,8,1981
218,07/08/81,6.5,8,1981
219,08/08/81,6.8,8,1981
220,09/08/81,7.0,8,1981
221,10/08/81,5.2,8,1981
222,11/08/81,3.0,8,1981
223,12/08/81,5.6,8,1981
224,13/08/81,7.9,8,1981
225,14/08/81,9.0,8,1981
226,15/08/81,8.6,8,1981
227,16/08/81,10.3,8,1981
228,17/08/81,10.5,8,1981
229,18/08/81,7.6,8,1981
230,19/08/81,9.7,8,1981
231,20/08/81,12.5,8,1981
232,21/08/81,7.4,8,1981
233,22/08/81,7.9,8,1981
234,23/08/81,3.9,8,1981
235,24/08/81,6.6,8,1981
236,25/08/81,4.6,8,1981
237,26/08/81,7.0,8,1981
238,27/08/81,6.0,8,1981
239,28/08/81,5.5,8,1981
240,29/08/81,8.1,8,1981
241,30/08/81,5.5,8,1981
242,31/08/81,6.2,8,1981
243,01/09/81,8.0,9,1981
244,02/09/81,10.3,9,1981
245,03/09/81,9.8,9,1981
246,04/09/81,9.6,9,1981
247,05/09/81,8.5,9,1981
248,06/09/81,7.5,9,1981
249,07/09/81,11.2,9,1981
250,08/09/81,14.6,9,1981
251,09/09/81,11.7,9,1981
252,10/09/81,7.8,9,1981
253,11/09/81,12.3,9,1981
254,12/09/81,10.1,9,1981
255,13/09/81,11.5,9,1981
256,14/09/81,7.3,9,1981
257,15/09/81,10.9,9,1981
258,16/09/81,14.1,9,1981
259,17/09/81,10.7,9,1981
260,18/09/81,16.9,9,1981
261,19/09/81,10.5,9,1981
262,20/09/81,6.5,9,1981
263,21/09/81,11.0,9,1981
264,22/09/81,6.3,9,1981
265,23/09/81,10.5,9,1981
266,24/09/81,7.2,9,1981
267,25/09/81,7.6,9,1981
268,26/09/81,10.7,9,1981
269,27/09/81,7.8,9,1981
270,28/09/81,9.6,9,1981
271,29/09/81,11.4,9,1981
272,30/09/81,12.4,9,1981
273,01/10/81,8.9,10,1981
274,02/10/81,13.2,10,1981
275,03/10/81,8.6,10,1981
276,04/10/81,6.2,10,1981
277,05/10/81,11.4,10,1981
278,06/10/81,13.2,10,1981
279,07/10/81,14.3,10,1981
280,08/10/81,7.3,10,1981
281,09/10/81,12.9,10,1981
282,10/10/81,7.8,10,1981
283,11/10/81,6.2,10,1981
284,12/10/81,5.6,10,1981
285,13/10/81,10.0,10,1981
286,14/10/81,13.3,10,1981
287,15/10/81,8.3,10,1981
288,16/10/81,10.2,10,1981
289,17/10/81,8.6,10,1981
290,18/10/81,7.3,10,1981
291,19/10/81,10.4,10,1981
292,20/10/81,11.2,10,1981
293,21/10/81,13.2,10,1981
294,22/10/81,11.4,10,1981
295,23/10/81,9.1,10,1981
296,24/10/81,6.6,10,1981
297,25/10/81,8.4,10,1981
298,26/10/81,9.7,10,1981
299,27/10/81,13.2,10,1981
300,28/10/81,12.5,10,1981
301,29/10/81,11.0,10,1981
302,30/10/81,11.0,10,1981
303,31/10/81,11.7,10,1981
304,01/11/81,9.2,11,1981
305,02/11/81,11.5,11,1981
306,03/11/81,13.6,11,1981
307,04/11/81,13.7,11,1981
308,05/11/81,10.4,11,1981
309,06/11/81,11.5,11,1981
310,07/11/81,7.6,11,1981
311,08/11/81,9.6,11,1981
312,09/11/81,14.2,11,1981
313,10/11/81,15.7,11,1981
314,11/11/81,10.5,11,1981
315,12/11/81,10.5,11,1981
316,13/11/81,9.7,11,1981
317,14/11/81,9.5,11,1981
318,15/11/81,11.3,11,1981
319,16/11/81,8.9,11,1981
320,17/11/81,9.4,11,1981
321,18/11/81,11.9,11,1981
322,19/11/81,11.7,11,1981
323,20/11/81,13.4,11,1981
324,21/11/81,12.6,11,1981
325,22/11/81,10.1,11,1981
326,23/11/81,15.8,11,1981
327,24/11/81,13.6,11,1981
328,25/11/81,11.9,11,1981
329,26/11/81,9.9,11,1981
330,27/11/81,12.6,11,1981
331,28/11/81,17.8,11,1981
332,29/11/81,15.0,11,1981
333,30/11/81,13.6,11,1981
334,01/12/81,13.4,12,1981
335,02/12/81,10.5,12,1981
336,03/12/81,14.2,12,1981
337,04/12/81,11.5,12,1981
338,05/12/81,13.0,12,1981
339,06/12/81,15.0,12,1981
340,07/12/81,14.7,12,1981
341,08/12/81,12.6,12,1981
342,09/12/81,12.5,12,1981
343,10/12/81,13.5,12,1981
344,11/12/81,14.8,12,1981
345,12/12/81,17.2,12,1981
346,13/12/81,9.7,12,1981
347,14/12/81,12.1,12,1981
348,15/12/81,12.8,12,1981
349,16/12/81,11.2,12,1981
350,17/12/81,16.4,12,1981
351,18/12/81,15.6,12,1981
352,19/12/81,13.3,12,1981
353,20/12/81,11.0,12,1981
354,21/12/81,11.1,12,1981
355,22/12/81,15.0,12,1981
356,23/12/81,12.8,12,1981
357,24/12/81,15.0,12,1981
358,25/12/81,14.2,12,1981
359,26/12/81,14.0,12,1981
360,27/12/81,15.5,12,1981
361,28/12/81,13.3,12,1981
362,29/12/81,15.6,12,1981
363,30/12/81,15.2,12,1981
364,31/12/81,17.4,12,1981
365,01/01/82,17.0,1,1982
366,02/01/82,15.0,1,1982
367,03/01/82,13.5,1,1982
368,04/01/82,15.2,1,1982
369,05/01/82,13.0,1,1982
370,06/01/82,12.5,1,1982
371,07/01/82,14.1,1,1982
372,08/01/82,14.8,1,1982
373,09/01/82,16.2,1,1982
374,10/01/82,15.8,1,1982
375,11/01/82,19.1,1,1982
376,12/01/82,22.2,1,1982
377,13/01/82,15.9,1,1982
378,14/01/82,13.0,1,1982
379,15/01/82,14.1,1,1982
380,16/01/82,15.8,1,1982
381,17/01/82,24.0,1,1982
382,18/01/82,18.0,1,1982
383,19/01/82,19.7,1,1982
384,20/01/82,25.2,1,1982
385,21/01/82,20.5,1,1982
386,22/01/82,19.3,1,1982
387,23/01/82,15.8,1,1982
388,24/01/82,17.0,1,1982
389,25/01/82,18.4,1,1982
390,26/01/82,13.3,1,1982
391,27/01/82,14.6,1,1982
392,28/01/82,12.5,1,1982
393,29/01/82,17.0,1,1982
394,30/01/82,17.1,1,1982
395,31/01/82,14.0,1,1982
396,01/02/82,14.6,2,1982
397,02/02/82,13.3,2,1982
398,03/02/82,14.8,2,1982
399,04/02/82,15.1,2,1982
400,05/02/82,13.1,2,1982
401,06/02/82,13.6,2,1982
402,07/02/82,19.5,2,1982
403,08/02/82,22.7,2,1982
404,09/02/82,17.2,2,1982
405,10/02/82,13.5,2,1982
406,11/02/82,15.4,2,1982
407,12/02/82,17.0,2,1982
408,13/02/82,19.2,2,1982
409,14/02/82,22.8,2,1982
410,15/02/82,26.3,2,1982
411,16/02/82,18.2,2,1982
412,17/02/82,17.0,2,1982
413,18/02/82,14.8,2,1982
414,19/02/82,12.8,2,1982
415,20/02/82,15.5,2,1982
416,21/02/82,15.6,2,1982
417,22/02/82,13.1,2,1982
418,23/02/82,15.2,2,1982
419,24/02/82,14.1,2,1982
420,25/02/82,12.5,2,1982
421,26/02/82,14.6,2,1982
422,27/02/82,10.4,2,1982
423,28/02/82,13.9,2,1982
424,01/03/82,11.9,3,1982
425,02/03/82,13.5,3,1982
426,03/03/82,9.8,3,1982
427,04/03/82,14.0,3,1982
428,05/03/82,21.5,3,1982
429,06/03/82,19.5,3,1982
430,07/03/82,16.7,3,1982
431,08/03/82,19.1,3,1982
432,09/03/82,11.0,3,1982
433,10/03/82,9.0,3,1982
434,11/03/82,10.0,3,1982
435,12/03/82,14.6,3,1982
436,13/03/82,12.5,3,1982
437,14/03/82,17.2,3,1982
438,15/03/82,19.2,3,1982
439,16/03/82,22.2,3,1982
440,17/03/82,15.7,3,1982
441,18/03/82,14.2,3,1982
442,19/03/82,9.8,3,1982
443,20/03/82,14.0,3,1982
444,21/03/82,17.5,3,1982
445,22/03/82,20.7,3,1982
446,23/03/82,15.6,3,1982
447,24/03/82,13.2,3,1982
448,25/03/82,14.5,3,1982
449,26/03/82,16.8,3,1982
450,27/03/82,17.2,3,1982
451,28/03/82,13.4,3,1982
452,29/03/82,14.2,3,1982
453,30/03/82,14.3,3,1982
454,31/03/82,10.2,3,1982
455,01/04/82,10.4,4,1982
456,02/04/82,12.3,4,1982
457,03/04/82,11.9,4,1982
458,04/04/82,11.2,4,1982
459,05/04/82,8.5,4,1982
460,06/04/82,12.0,4,1982
461,07/04/82,12.4,4,1982
462,08/04/82,12.9,4,1982
463,09/04/82,10.1,4,1982
464,10/04/82,15.0,4,1982
465,11/04/82,13.6,4,1982
466,12/04/82,12.4,4,1982
467,13/04/82,13.6,4,1982
468,14/04/82,16.1,4,1982
469,15/04/82,19.5,4,1982
470,16/04/82,14.2,4,1982
471,17/04/82,9.3,4,1982
472,18/04/82,10.1,4,1982
473,19/04/82,7.4,4,1982
474,20/04/82,8.6,4,1982
475,21/04/82,7.8,4,1982
476,22/04/82,9.1,4,1982
477,23/04/82,13.0,4,1982
478,24/04/82,16.5,4,1982
479,25/04/82,12.9,4,1982
480,26/04/82,6.9,4,1982
481,27/04/82,6.9,4,1982
482,28/04/82,8.7,4,1982
483,29/04/82,10.0,4,1982
484,30/04/82,10.8,4,1982
485,01/05/82,7.5,5,1982
486,02/05/82,6.3,5,1982
487,03/05/82,11.9,5,1982
488,04/05/82,13.8,5,1982
489,05/05/82,11.8,5,1982
490,06/05/82,11.0,5,1982
491,07/05/82,10.1,5,1982
492,08/05/82,8.5,5,1982
493,09/05/82,5.5,5,1982
494,10/05/82,7.6,5,1982
495,11/05/82,8.7,5,1982
496,12/05/82,10.8,5,1982
497,13/05/82,11.2,5,1982
498,14/05/82,9.1,5,1982
499,15/05/82,3.7,5,1982
500,16/05/82,4.6,5,1982
501,17/05/82,6.6,5,1982
502,18/05/82,13.2,5,1982
503,19/05/82,15.2,5,1982
504,20/05/82,7.6,5,1982
505,21/05/82,8.4,5,1982
506,22/05/82,6.0,5,1982
507,23/05/82,8.3,5,1982
508,24/05/82,8.6,5,1982
509,25/05/82,11.1,5,1982
510,26/05/82,12.1,5,1982
511,27/05/82,12.9,5,1982
512,28/05/82,14.0,5,1982
513,29/05/82,12.5,5,1982
514,30/05/82,11.5,5,1982
515,31/05/82,7.0,5,1982
516,01/06/82,7.1,6,1982
517,02/06/82,9.0,6,1982
518,03/06/82,3.1,6,1982
519,04/06/82,2.5,6,1982
520,05/06/82,0.0,6,1982
521,06/06/82,1.6,6,1982
522,07/06/82,2.6,6,1982
523,08/06/82,5.7,6,1982
524,09/06/82,2.3,6,1982
525,10/06/82,4.5,6,1982
526,11/06/82,8.2,6,1982
527,12/06/82,6.9,6,1982
528,13/06/82,7.3,6,1982
529,14/06/82,6.0,6,1982
530,15/06/82,7.3,6,1982
531,16/06/82,7.6,6,1982
532,17/06/82,8.0,6,1982
533,18/06/82,8.0,6,1982
534,19/06/82,6.8,6,1982
535,20/06/82,7.3,6,1982
536,21/06/82,6.2,6,1982
537,22/06/82,6.9,6,1982
538,23/06/82,8.9,6,1982
539,24/06/82,4.0,6,1982
540,25/06/82,1.3,6,1982
541,26/06/82,0.8,6,1982
542,27/06/82,4.3,6,1982
543,28/06/82,7.3,6,1982
544,29/06/82,7.7,6,1982
545,30/06/82,9.0,6,1982
546,01/07/82,4.2,7,1982
547,02/07/82,1.6,7,1982
548,03/07/82,2.6,7,1982
549,04/07/82,3.4,7,1982
550,05/07/82,3.9,7,1982
551,06/07/82,7.0,7,1982
552,07/07/82,7.8,7,1982
553,08/07/82,5.3,7,1982
554,09/07/82,2.4,7,1982
555,10/07/82,2.8,7,1982
556,11/07/82,4.0,7,1982
557,12/07/82,7.5,7,1982
558,13/07/82,7.8,7,1982
559,14/07/82,5.6,7,1982
560,15/07/82,3.3,7,1982
561,16/07/82,5.0,7,1982
562,17/07/82,3.7,7,1982
563,18/07/82,3.9,7,1982
564,19/07/82,5.2,7,1982
565,20/07/82,0.2,7,1982
566,21/07/82,0.8,7,1982
567,22/07/82,0.9,7,1982
568,23/07/82,3.5,7,1982
569,24/07/82,6.6,7,1982
570,25/07/82,9.5,7,1982
571,26/07/82,9.0,7,1982
572,27/07/82,3.5,7,1982
573,28/07/82,4.5,7,1982
574,29/07/82,5.7,7,1982
575,30/07/82,5.6,7,1982
576,31/07/82,7.1,7,1982
577,01/08/82,9.7,8,1982
578,02/08/82,8.3,8,1982
579,03/08/82,9.1,8,1982
580,04/08/82,2.8,8,1982
581,05/08/82,2.2,8,1982
582,06/08/82,4.5,8,1982
583,07/08/82,3.8,8,1982
584,08/08/82,3.8,8,1982
585,09/08/82,6.2,8,1982
586,10/08/82,11.5,8,1982
587,11/08/82,10.2,8,1982
588,12/08/82,7.9,8,1982
589,13/08/82,9.0,8,1982
590,14/08/82,9.5,8,1982
591,15/08/82,6.0,8,1982
592,16/08/82,8.2,8,1982
593,17/08/82,9.2,8,1982
594,18/08/82,4.3,8,1982
595,19/08/82,6.6,8,1982
596,20/08/82,9.4,8,1982
597,21/08/82,13.2,8,1982
598,22/08/82,6.6,8,1982
599,23/08/82,5.1,8,1982
600,24/08/82,12.1,8,1982
601,25/08/82,11.2,8,1982
602,26/08/82,8.5,8,1982
603,27/08/82,4.6,8,1982
604,28/08/82,7.0,8,1982
605,29/08/82,14.2,8,1982
606,30/08/82,12.7,8,1982
607,31/08/82,7.6,8,1982
608,01/09/82,4.0,9,1982
609,02/09/82,10.0,9,1982
610,03/09/82,10.5,9,1982
611,04/09/82,5.0,9,1982
612,05/09/82,4.5,9,1982
613,06/09/82,8.2,9,1982
614,07/09/82,4.3,9,1982
615,08/09/82,9.8,9,1982
616,09/09/82,5.8,9,1982
617,10/09/82,5.0,9,1982
618,11/09/82,8.5,9,1982
619,12/09/82,9.0,9,1982
620,13/09/82,3.6,9,1982
621,14/09/82,6.7,9,1982
622,15/09/82,6.7,9,1982
623,16/09/82,10.1,9,1982
624,17/09/82,15.0,9,1982
625,18/09/82,8.9,9,1982
626,19/09/82,5.7,9,1982
627,20/09/82,4.2,9,1982
628,21/09/82,4.0,9,1982
629,22/09/82,5.3,9,1982
630,23/09/82,6.3,9,1982
631,24/09/82,8.5,9,1982
632,25/09/82,11.5,9,1982
633,26/09/82,7.7,9,1982
634,27/09/82,9.2,9,1982
635,28/09/82,7.8,9,1982
636,29/09/82,6.3,9,1982
637,30/09/82,6.3,9,1982
638,01/10/82,8.6,10,1982
639,02/10/82,6.1,10,1982
640,03/10/82,13.2,10,1982
641,04/10/82,9.9,10,1982
642,05/10/82,4.7,10,1982
643,06/10/82,5.8,10,1982
644,07/10/82,14.9,10,1982
645,08/10/82,10.7,10,1982
646,09/10/82,8.6,10,1982
647,10/10/82,9.4,10,1982
648,11/10/82,5.7,10,1982
649,12/10/82,10.9,10,1982
650,13/10/82,13.1,10,1982
651,14/10/82,10.4,10,1982
652,15/10/82,8.2,10,1982
653,16/10/82,9.8,10,1982
654,17/10/82,7.5,10,1982
655,18/10/82,5.8,10,1982
656,19/10/82,9.8,10,1982
657,20/10/82,7.9,10,1982
658,21/10/82,8.7,10,1982
659,22/10/82,10.0,10,1982
660,23/10/82,10.6,10,1982
661,24/10/82,8.0,10,1982
662,25/10/82,10.2,10,1982
663,26/10/82,15.1,10,1982
664,27/10/82,13.9,10,1982
665,28/10/82,9.2,10,1982
666,29/10/82,9.0,10,1982
667,30/10/82,13.2,10,1982
668,31/10/82,7.0,10,1982
669,01/11/82,10.6,11,1982
670,02/11/82,6.9,11,1982
671,03/11/82,9.5,11,1982
672,04/11/82,12.5,11,1982
673,05/11/82,13.6,11,1982
674,06/11/82,17.7,11,1982
675,07/11/82,16.0,11,1982
676,08/11/82,11.3,11,1982
677,09/11/82,10.5,11,1982
678,10/11/82,14.4,11,1982
679,11/11/82,10.3,11,1982
680,12/11/82,9.0,11,1982
681,13/11/82,11.1,11,1982
682,14/11/82,14.5,11,1982
683,15/11/82,18.0,11,1982
684,16/11/82,12.8,11,1982
685,17/11/82,10.7,11,1982
686,18/11/82,9.1,11,1982
687,19/11/82,8.7,11,1982
688,20/11/82,12.4,11,1982
689,21/11/82,12.6,11,1982
690,22/11/82,10.3,11,1982
691,23/11/82,13.7,11,1982
692,24/11/82,16.0,11,1982
693,25/11/82,15.8,11,1982
694,26/11/82,12.1,11,1982
695,27/11/82,12.5,11,1982
696,28/11/82,12.2,11,1982
697,29/11/82,13.7,11,1982
698,30/11/82,16.1,11,1982
699,01/12/82,15.5,12,1982
700,02/12/82,10.3,12,1982
701,03/12/82,10.5,12,1982
702,04/12/82,11.0,12,1982
703,05/12/82,11.9,12,1982
704,06/12/82,13.0,12,1982
705,07/12/82,12.2,12,1982
706,08/12/82,10.6,12,1982
707,09/12/82,13.0,12,1982
708,10/12/82,13.0,12,1982
709,11/12/82,12.2,12,1982
710,12/12/82,12.6,12,1982
711,13/12/82,18.7,12,1982
712,14/12/82,15.2,12,1982
713,15/12/82,15.3,12,1982
714,16/12/82,13.9,12,1982
715,17/12/82,15.8,12,1982
716,18/12/82,13.0,12,1982
717,19/12/82,13.0,12,1982
718,20/12/82,13.7,12,1982
719,21/12/82,12.0,12,1982
720,22/12/82,10.8,12,1982
721,23/12/82,15.6,12,1982
722,24/12/82,15.3,12,1982
723,25/12/82,13.9,12,1982
724,26/12/82,13.0,12,1982
725,27/12/82,15.3,12,1982
726,28/12/82,16.3,12,1982
727,29/12/82,15.8,12,1982
728,30/12/82,17.7,12,1982
729,31/12/82,16.3,12,1982
730,01/01/83,18.4,1,1983
731,02/01/83,15.0,1,1983
732,03/01/83,10.9,1,1983
733,04/01/83,11.4,1,1983
734,05/01/83,14.8,1,1983
735,06/01/83,12.1,1,1983
736,07/01/83,12.8,1,1983
737,08/01/83,16.2,1,1983
738,09/01/83,15.5,1,1983
739,10/01/83,13.0,1,1983
740,11/01/83,10.5,1,1983
741,12/01/83,9.1,1,1983
742,13/01/83,10.5,1,1983
743,14/01/83,11.8,1,1983
744,15/01/83,12.7,1,1983
745,16/01/83,12.7,1,1983
746,17/01/83,11.5,1,1983
747,18/01/83,13.8,1,1983
748,19/01/83,13.3,1,1983
749,20/01/83,11.6,1,1983
750,21/01/83,15.4,1,1983
751,22/01/83,12.4,1,1983
752,23/01/83,16.9,1,1983
753,24/01/83,14.7,1,1983
754,25/01/83,10.6,1,1983
755,26/01/83,15.6,1,1983
756,27/01/83,10.7,1,1983
757,28/01/83,12.6,1,1983
758,29/01/83,13.8,1,1983
759,30/01/83,14.3,1,1983
760,31/01/83,14.0,1,1983
761,01/02/83,18.1,2,1983
762,02/02/83,17.3,2,1983
763,03/02/83,13.0,2,1983
764,04/02/83,16.0,2,1983
765,05/02/83,14.9,2,1983
766,06/02/83,16.2,2,1983
767,07/02/83,20.3,2,1983
768,08/02/83,22.5,2,1983
769,09/02/83,17.2,2,1983
770,10/02/83,15.9,2,1983
771,11/02/83,16.8,2,1983
772,12/02/83,13.8,2,1983
773,13/02/83,12.8,2,1983
774,14/02/83,14.0,2,1983
775,15/02/83,17.5,2,1983
776,16/02/83,21.5,2,1983
777,17/02/83,16.8,2,1983
778,18/02/83,13.6,2,1983
779,19/02/83,14.5,2,1983
780,20/02/83,14.2,2,1983
781,21/02/83,15.7,2,1983
782,22/02/83,19.7,2,1983
783,23/02/83,17.4,2,1983
784,24/02/83,14.4,2,1983
785,25/02/83,16.9,2,1983
786,26/02/83,19.1,2,1983
787,27/02/83,20.4,2,1983
788,28/02/83,20.1,2,1983
789,01/03/83,19.9,3,1983
790,02/03/83,22.0,3,1983
791,03/03/83,20.5,3,1983
792,04/03/83,22.1,3,1983
793,05/03/83,20.6,3,1983
794,06/03/83,15.0,3,1983
795,07/03/83,20.6,3,1983
796,08/03/83,21.5,3,1983
797,09/03/83,16.2,3,1983
798,10/03/83,14.1,3,1983
799,11/03/83,14.5,3,1983
800,12/03/83,21.1,3,1983
801,13/03/83,15.9,3,1983
802,14/03/83,15.2,3,1983
803,15/03/83,13.1,3,1983
804,16/03/83,13.2,3,1983
805,17/03/83,12.5,3,1983
806,18/03/83,15.2,3,1983
807,19/03/83,17.6,3,1983
808,20/03/83,15.5,3,1983
809,21/03/83,16.7,3,1983
810,22/03/83,16.3,3,1983
811,23/03/83,15.1,3,1983
812,24/03/83,12.7,3,1983
813,25/03/83,10.0,3,1983
814,26/03/83,11.4,3,1983
815,27/03/83,12.6,3,1983
816,28/03/83,10.7,3,1983
817,29/03/83,10.0,3,1983
818,30/03/83,13.9,3,1983
819,31/03/83,13.4,3,1983
820,01/04/83,12.5,4,1983
821,02/04/83,12.8,4,1983
822,03/04/83,7.8,4,1983
823,04/04/83,11.1,4,1983
824,05/04/83,10.7,4,1983
825,06/04/83,7.1,4,1983
826,07/04/83,6.7,4,1983
827,08/04/83,5.7,4,1983
828,09/04/83,9.1,4,1983
829,10/04/83,15.2,4,1983
830,11/04/83,15.5,4,1983
831,12/04/83,11.1,4,1983
832,13/04/83,11.7,4,1983
833,14/04/83,11.5,4,1983
834,15/04/83,9.8,4,1983
835,16/04/83,6.2,4,1983
836,17/04/83,6.7,4,1983
837,18/04/83,7.5,4,1983
838,19/04/83,8.8,4,1983
839,20/04/83,8.0,4,1983
840,21/04/83,10.4,4,1983
841,22/04/83,14.5,4,1983
842,23/04/83,16.5,4,1983
843,24/04/83,14.1,4,1983
844,25/04/83,10.5,4,1983
845,26/04/83,12.6,4,1983
846,27/04/83,13.0,4,1983
847,28/04/83,8.7,4,1983
848,29/04/83,10.1,4,1983
849,30/04/83,12.0,4,1983
850,01/05/83,12.5,5,1983
851,02/05/83,13.5,5,1983
852,03/05/83,13.7,5,1983
853,04/05/83,13.5,5,1983
854,05/05/83,10.7,5,1983
855,06/05/83,13.0,5,1983
856,07/05/83,11.6,5,1983
857,08/05/83,13.0,5,1983
858,09/05/83,11.2,5,1983
859,10/05/83,13.5,5,1983
860,11/05/83,12.9,5,1983
861,12/05/83,6.8,5,1983
862,13/05/83,10.0,5,1983
863,14/05/83,14.5,5,1983
864,15/05/83,11.7,5,1983
865,16/05/83,6.7,5,1983
866,17/05/83,4.6,5,1983
867,18/05/83,4.9,5,1983
868,19/05/83,7.4,5,1983
869,20/05/83,8.3,5,1983
870,21/05/83,7.5,5,1983
871,22/05/83,6.2,5,1983
872,23/05/83,7.8,5,1983
873,24/05/83,13.2,5,1983
874,25/05/83,11.9,5,1983
875,26/05/83,6.5,5,1983
876,27/05/83,8.3,5,1983
877,28/05/83,12.1,5,1983
878,29/05/83,9.3,5,1983
879,30/05/83,7.5,5,1983
880,31/05/83,9.3,5,1983
881,01/06/83,11.0,6,1983
882,02/06/83,10.8,6,1983
883,03/06/83,5.3,6,1983
884,04/06/83,7.6,6,1983
885,05/06/83,5.6,6,1983
886,06/06/83,7.2,6,1983
887,07/06/83,9.6,6,1983
888,08/06/83,7.0,6,1983
889,09/06/83,8.3,6,1983
890,10/06/83,7.8,6,1983
891,11/06/83,4.7,6,1983
892,12/06/83,6.8,6,1983
893,13/06/83,7.2,6,1983
894,14/06/83,8.3,6,1983
895,15/06/83,9.5,6,1983
896,16/06/83,4.7,6,1983
897,17/06/83,3.0,6,1983
898,18/06/83,1.5,6,1983
899,19/06/83,2.5,6,1983
900,20/06/83,6.2,6,1983
901,21/06/83,11.6,6,1983
902,22/06/83,6.6,6,1983
903,23/06/83,6.6,6,1983
904,24/06/83,8.0,6,1983
905,25/06/83,7.9,6,1983
906,26/06/83,3.3,6,1983
907,27/06/83,3.9,6,1983
908,28/06/83,6.0,6,1983
909,29/06/83,4.0,6,1983
910,30/06/83,5.5,6,1983
911,01/07/83,8.5,7,1983
912,02/07/83,9.8,7,1983
913,03/07/83,9.5,7,1983
914,04/07/83,7.2,7,1983
915,05/07/83,8.1,7,1983
916,06/07/83,8.0,7,1983
917,07/07/83,8.5,7,1983
918,08/07/83,8.8,7,1983
919,09/07/83,8.3,7,1983
920,10/07/83,2.4,7,1983
921,11/07/83,4.9,7,1983
922,12/07/83,5.9,7,1983
923,13/07/83,6.7,7,1983
924,14/07/83,8.4,7,1983
925,15/07/83,6.5,7,1983
926,16/07/83,7.9,7,1983
927,17/07/83,4.1,7,1983
928,18/07/83,5.4,7,1983
929,19/07/83,7.5,7,1983
930,20/07/83,3.9,7,1983
931,21/07/83,2.5,7,1983
932,22/07/83,5.3,7,1983
933,23/07/83,6.6,7,1983
934,24/07/83,0.0,7,1983
935,25/07/83,0.7,7,1983
936,26/07/83,7.6,7,1983
937,27/07/83,12.3,7,1983
938,28/07/83,9.2,7,1983
939,29/07/83,9.6,7,1983
940,30/07/83,9.5,7,1983
941,31/07/83,10.0,7,1983
942,01/08/83,7.7,8,1983
943,02/08/83,8.0,8,1983
944,03/08/83,8.3,8,1983
945,04/08/83,8.3,8,1983
946,05/08/83,4.5,8,1983
947,06/08/83,6.5,8,1983
948,07/08/83,9.4,8,1983
949,08/08/83,9.4,8,1983
950,09/08/83,10.5,8,1983
951,10/08/83,10.7,8,1983
952,11/08/83,9.9,8,1983
953,12/08/83,7.6,8,1983
954,13/08/83,5.8,8,1983
955,14/08/83,8.5,8,1983
956,15/08/83,13.8,8,1983
957,16/08/83,14.3,8,1983
958,17/08/83,8.3,8,1983
959,18/08/83,5.3,8,1983
960,19/08/83,3.0,8,1983
961,20/08/83,5.2,8,1983
962,21/08/83,10.3,8,1983
963,22/08/83,11.1,8,1983
964,23/08/83,10.5,8,1983
965,24/08/83,9.0,8,1983
966,25/08/83,13.0,8,1983
967,26/08/83,6.4,8,1983
968,27/08/83,8.4,8,1983
969,28/08/83,6.7,8,1983
970,29/08/83,8.3,8,1983
971,30/08/83,11.2,8,1983
972,31/08/83,10.0,8,1983
973,01/09/83,10.1,9,1983
974,02/09/83,10.6,9,1983
975,03/09/83,10.9,9,1983
976,04/09/83,5.7,9,1983
977,05/09/83,9.5,9,1983
978,06/09/83,10.4,9,1983
979,07/09/83,11.1,9,1983
980,08/09/83,12.2,9,1983
981,09/09/83,10.6,9,1983
982,10/09/83,8.8,9,1983
983,11/09/83,9.2,9,1983
984,12/09/83,5.5,9,1983
985,13/09/83,7.1,9,1983
986,14/09/83,6.5,9,1983
987,15/09/83,4.3,9,1983
988,16/09/83,5.0,9,1983
989,17/09/83,11.2,9,1983
990,18/09/83,7.5,9,1983
991,19/09/83,12.0,9,1983
992,20/09/83,13.6,9,1983
993,21/09/83,8.3,9,1983
994,22/09/83,8.5,9,1983
995,23/09/83,12.9,9,1983
996,24/09/83,7.7,9,1983
997,25/09/83,7.6,9,1983
998,26/09/83,3.5,9,1983
999,27/09/83,10.4,9,1983
1000,28/09/83,15.4,9,1983
1001,29/09/83,10.6,9,1983
1002,30/09/83,9.6,9,1983
1003,01/10/83,9.3,10,1983
1004,02/10/83,13.9,10,1983
1005,03/10/83,7.7,10,1983
1006,04/10/83,9.5,10,1983
1007,05/10/83,7.6,10,1983
1008,06/10/83,6.9,10,1983
1009,07/10/83,6.8,10,1983
1010,08/10/83,5.8,10,1983
1011,09/10/83,6.0,10,1983
1012,10/10/83,8.3,10,1983
1013,11/10/83,9.1,10,1983
1014,12/10/83,12.5,10,1983
1015,13/10/83,13.2,10,1983
1016,14/10/83,16.2,10,1983
1017,15/10/83,12.5,10,1983
1018,16/10/83,11.8,10,1983
1019,17/10/83,10.6,10,1983
1020,18/10/83,10.0,10,1983
1021,19/10/83,12.2,10,1983
1022,20/10/83,8.9,10,1983
1023,21/10/83,10.3,10,1983
1024,22/10/83,7.5,10,1983
1025,23/10/83,11.6,10,1983
1026,24/10/83,12.6,10,1983
1027,25/10/83,12.9,10,1983
1028,26/10/83,11.7,10,1983
1029,27/10/83,14.0,10,1983
1030,28/10/83,12.3,10,1983
1031,29/10/83,9.0,10,1983
1032,30/10/83,9.2,10,1983
1033,31/10/83,9.8,10,1983
1034,01/11/83,11.8,11,1983
1035,02/11/83,10.6,11,1983
1036,03/11/83,12.6,11,1983
1037,04/11/83,11.0,11,1983
1038,05/11/83,8.2,11,1983
1039,06/11/83,7.5,11,1983
1040,07/11/83,13.6,11,1983
1041,08/11/83,14.8,11,1983
1042,09/11/83,10.9,11,1983
1043,10/11/83,7.7,11,1983
1044,11/11/83,10.2,11,1983
1045,12/11/83,10.8,11,1983
1046,13/11/83,10.8,11,1983
1047,14/11/83,12.5,11,1983
1048,15/11/83,13.2,11,1983
1049,16/11/83,8.7,11,1983
1050,17/11/83,5.7,11,1983
1051,18/11/83,9.8,11,1983
1052,19/11/83,7.3,11,1983
1053,20/11/83,10.8,11,1983
1054,21/11/83,10.0,11,1983
1055,22/11/83,16.2,11,1983
1056,23/11/83,15.0,11,1983
1057,24/11/83,14.5,11,1983
1058,25/11/83,15.9,11,1983
1059,26/11/83,14.9,11,1983
1060,27/11/83,14.2,11,1983
1061,28/11/83,15.8,11,1983
1062,29/11/83,17.2,11,1983
1063,30/11/83,17.6,11,1983
1064,01/12/83,12.1,12,1983
1065,02/12/83,11.4,12,1983
1066,03/12/83,13.0,12,1983
1067,04/12/83,13.2,12,1983
1068,05/12/83,12.0,12,1983
1069,06/12/83,15.3,12,1983
1070,07/12/83,12.7,12,1983
1071,08/12/83,12.1,12,1983
1072,09/12/83,13.8,12,1983
1073,10/12/83,10.9,12,1983
1074,11/12/83,12.0,12,1983
1075,12/12/83,16.5,12,1983
1076,13/12/83,15.0,12,1983
1077,14/12/83,11.2,12,1983
1078,15/12/83,13.9,12,1983
1079,16/12/83,15.0,12,1983
1080,17/12/83,14.8,12,1983
1081,18/12/83,15.0,12,1983
1082,19/12/83,13.3,12,1983
1083,20/12/83,20.4,12,1983
1084,21/12/83,18.0,12,1983
1085,22/12/83,12.2,12,1983
1086,23/12/83,16.7,12,1983
1087,24/12/83,13.8,12,1983
1088,25/12/83,17.5,12,1983
1089,26/12/83,15.0,12,1983
1090,27/12/83,13.9,12,1983
1091,28/12/83,11.1,12,1983
1092,29/12/83,16.1,12,1983
1093,30/12/83,20.4,12,1983
1094,31/12/83,18.0,12,1983
1095,01/01/84,19.5,1,1984
1096,02/01/84,17.1,1,1984
1097,03/01/84,17.1,1,1984
1098,04/01/84,12.0,1,1984
1099,05/01/84,11.0,1,1984
1100,06/01/84,16.3,1,1984
1101,07/01/84,16.1,1,1984
1102,08/01/84,13.0,1,1984
1103,09/01/84,13.4,1,1984
1104,10/01/84,15.2,1,1984
1105,11/01/84,12.5,1,1984
1106,12/01/84,14.3,1,1984
1107,13/01/84,16.5,1,1984
1108,14/01/84,18.6,1,1984
1109,15/01/84,18.0,1,1984
1110,16/01/84,18.2,1,1984
1111,17/01/84,11.4,1,1984
1112,18/01/84,11.9,1,1984
1113,19/01/84,12.2,1,1984
1114,20/01/84,14.8,1,1984
1115,21/01/84,13.1,1,1984
1116,22/01/84,12.7,1,1984
1117,23/01/84,10.5,1,1984
1118,24/01/84,13.8,1,1984
1119,25/01/84,18.8,1,1984
1120,26/01/84,13.9,1,1984
1121,27/01/84,11.2,1,1984
1122,28/01/84,10.6,1,1984
1123,29/01/84,14.7,1,1984
1124,30/01/84,13.1,1,1984
1125,31/01/84,12.1,1,1984
1126,01/02/84,14.7,2,1984
1127,02/02/84,11.1,2,1984
1128,03/02/84,13.0,2,1984
1129,04/02/84,15.6,2,1984
1130,05/02/84,14.2,2,1984
1131,06/02/84,15.5,2,1984
1132,07/02/84,18.0,2,1984
1133,08/02/84,15.0,2,1984
1134,09/02/84,15.9,2,1984
1135,10/02/84,15.5,2,1984
1136,11/02/84,15.8,2,1984
1137,12/02/84,16.6,2,1984
1138,13/02/84,13.6,2,1984
1139,14/02/84,13.8,2,1984
1140,15/02/84,14.6,2,1984
1141,16/02/84,15.6,2,1984
1142,17/02/84,16.6,2,1984
1143,18/02/84,14.3,2,1984
1144,19/02/84,16.3,2,1984
1145,20/02/84,18.9,2,1984
1146,21/02/84,18.7,2,1984
1147,22/02/84,14.5,2,1984
1148,23/02/84,16.5,2,1984
1149,24/02/84,14.1,2,1984
1150,25/02/84,13.5,2,1984
1151,26/02/84,11.7,2,1984
1152,27/02/84,15.1,2,1984
1153,28/02/84,11.2,2,1984
1154,29/02/84,13.5,2,1984
1155,01/03/84,12.6,3,1984
1156,02/03/84,8.8,3,1984
1157,03/03/84,10.5,3,1984
1158,04/03/84,12.1,3,1984
1159,05/03/84,14.5,3,1984
1160,06/03/84,19.5,3,1984
1161,07/03/84,14.0,3,1984
1162,08/03/84,13.8,3,1984
1163,09/03/84,10.5,3,1984
1164,10/03/84,13.8,3,1984
1165,11/03/84,11.4,3,1984
1166,12/03/84,15.6,3,1984
1167,13/03/84,11.1,3,1984
1168,14/03/84,12.1,3,1984
1169,15/03/84,14.2,3,1984
1170,16/03/84,10.9,3,1984
1171,17/03/84,14.2,3,1984
1172,18/03/84,13.8,3,1984
1173,19/03/84,15.1,3,1984
1174,20/03/84,14.0,3,1984
1175,21/03/84,12.1,3,1984
1176,22/03/84,13.8,3,1984
1177,23/03/84,16.6,3,1984
1178,24/03/84,17.8,3,1984
1179,25/03/84,9.4,3,1984
1180,26/03/84,10.2,3,1984
1181,27/03/84,7.4,3,1984
1182,28/03/84,8.7,3,1984
1183,29/03/84,14.0,3,1984
1184,30/03/84,15.3,3,1984
1185,31/03/84,11.1,3,1984
1186,01/04/84,9.7,4,1984
1187,02/04/84,10.3,4,1984
1188,03/04/84,9.2,4,1984
1189,04/04/84,8.2,4,1984
1190,05/04/84,9.7,4,1984
1191,06/04/84,12.4,4,1984
1192,07/04/84,12.5,4,1984
1193,08/04/84,9.0,4,1984
1194,09/04/84,9.7,4,1984
1195,10/04/84,10.1,4,1984
1196,11/04/84,11.2,4,1984
1197,12/04/84,12.0,4,1984
1198,13/04/84,11.1,4,1984
1199,14/04/84,10.8,4,1984
1200,15/04/84,12.8,4,1984
1201,16/04/84,9.8,4,1984
1202,17/04/84,13.7,4,1984
1203,18/04/84,11.0,4,1984
1204,19/04/84,13.2,4,1984
1205,20/04/84,13.0,4,1984
1206,21/04/84,10.2,4,1984
1207,22/04/84,13.2,4,1984
1208,23/04/84,9.3,4,1984
1209,24/04/84,11.1,4,1984
1210,25/04/84,10.3,4,1984
1211,26/04/84,8.7,4,1984
1212,27/04/84,11.7,4,1984
1213,28/04/84,12.5,4,1984
1214,29/04/84,6.5,4,1984
1215,30/04/84,9.6,4,1984
1216,01/05/84,13.8,5,1984
1217,02/05/84,14.7,5,1984
1218,03/05/84,9.1,5,1984
1219,04/05/84,4.8,5,1984
1220,05/05/84,3.3,5,1984
1221,06/05/84,3.5,5,1984
1222,07/05/84,5.7,5,1984
1223,08/05/84,5.5,5,1984
1224,09/05/84,7.0,5,1984
1225,10/05/84,9.5,5,1984
1226,11/05/84,9.9,5,1984
1227,12/05/84,4.9,5,1984
1228,13/05/84,6.3,5,1984
1229,14/05/84,4.8,5,1984
1230,15/05/84,6.2,5,1984
1231,16/05/84,7.1,5,1984
1232,17/05/84,7.5,5,1984
1233,18/05/84,9.4,5,1984
1234,19/05/84,8.7,5,1984
1235,20/05/84,9.5,5,1984
1236,21/05/84,12.1,5,1984
1237,22/05/84,9.5,5,1984
1238,23/05/84,9.3,5,1984
1239,24/05/84,8.5,5,1984
1240,25/05/84,8.0,5,1984
1241,26/05/84,9.8,5,1984
1242,27/05/84,6.2,5,1984
1243,28/05/84,7.3,5,1984
1244,29/05/84,10.9,5,1984
1245,30/05/84,10.0,5,1984
1246,31/05/84,8.7,5,1984
1247,01/06/84,9.0,6,1984
1248,02/06/84,10.8,6,1984
1249,03/06/84,12.4,6,1984
1250,04/06/84,7.2,6,1984
1251,05/06/84,7.2,6,1984
1252,06/06/84,11.1,6,1984
1253,07/06/84,9.3,6,1984
1254,08/06/84,10.1,6,1984
1255,09/06/84,3.9,6,1984
1256,10/06/84,5.0,6,1984
1257,11/06/84,8.2,6,1984
1258,12/06/84,2.8,6,1984
1259,13/06/84,4.3,6,1984
1260,14/06/84,8.1,6,1984
1261,15/06/84,11.1,6,1984
1262,16/06/84,4.7,6,1984
1263,17/06/84,5.3,6,1984
1264,18/06/84,10.0,6,1984
1265,19/06/84,5.6,6,1984
1266,20/06/84,2.2,6,1984
1267,21/06/84,7.1,6,1984
1268,22/06/84,8.3,6,1984
1269,23/06/84,8.6,6,1984
1270,24/06/84,10.1,6,1984
1271,25/06/84,8.3,6,1984
1272,26/06/84,7.2,6,1984
1273,27/06/84,7.7,6,1984
1274,28/06/84,7.8,6,1984
1275,29/06/84,9.1,6,1984
1276,30/06/84,9.4,6,1984
1277,01/07/84,7.8,7,1984
1278,02/07/84,2.6,7,1984
1279,03/07/84,2.4,7,1984
1280,04/07/84,3.9,7,1984
1281,05/07/84,1.3,7,1984
1282,06/07/84,2.1,7,1984
1283,07/07/84,7.4,7,1984
1284,08/07/84,7.2,7,1984
1285,09/07/84,8.8,7,1984
1286,10/07/84,8.9,7,1984
1287,11/07/84,8.8,7,1984
1288,12/07/84,8.0,7,1984
1289,13/07/84,0.7,7,1984
1290,14/07/84,0.1,7,1984
1291,15/07/84,0.9,7,1984
1292,16/07/84,7.8,7,1984
1293,17/07/84,7.2,7,1984
1294,18/07/84,8.0,7,1984
1295,19/07/84,4.6,7,1984
1296,20/07/84,5.2,7,1984
1297,21/07/84,5.8,7,1984
1298,22/07/84,6.8,7,1984
1299,23/07/84,8.1,7,1984
1300,24/07/84,7.5,7,1984
1301,25/07/84,5.4,7,1984
1302,26/07/84,4.6,7,1984
1303,27/07/84,6.4,7,1984
1304,28/07/84,9.7,7,1984
1305,29/07/84,7.0,7,1984
1306,30/07/84,10.0,7,1984
1307,31/07/84,10.6,7,1984
1308,01/08/84,11.5,8,1984
1309,02/08/84,10.2,8,1984
1310,03/08/84,11.1,8,1984
1311,04/08/84,11.0,8,1984
1312,05/08/84,8.9,8,1984
1313,06/08/84,9.9,8,1984
1314,07/08/84,11.7,8,1984
1315,08/08/84,11.6,8,1984
1316,09/08/84,9.0,8,1984
1317,10/08/84,6.3,8,1984
1318,11/08/84,8.7,8,1984
1319,12/08/84,8.5,8,1984
1320,13/08/84,8.5,8,1984
1321,14/08/84,8.0,8,1984
1322,15/08/84,6.0,8,1984
1323,16/08/84,8.0,8,1984
1324,17/08/84,8.5,8,1984
1325,18/08/84,7.7,8,1984
1326,19/08/84,8.4,8,1984
1327,20/08/84,9.0,8,1984
1328,21/08/84,8.3,8,1984
1329,22/08/84,6.8,8,1984
1330,23/08/84,9.3,8,1984
1331,24/08/84,6.7,8,1984
1332,25/08/84,9.0,8,1984
1333,26/08/84,7.3,8,1984
1334,27/08/84,6.3,8,1984
1335,28/08/84,7.9,8,1984
1336,29/08/84,5.2,8,1984
1337,30/08/84,9.0,8,1984
1338,31/08/84,11.3,8,1984
1339,01/09/84,9.2,9,1984
1340,02/09/84,11.3,9,1984
1341,03/09/84,7.0,9,1984
1342,04/09/84,8.0,9,1984
1343,05/09/84,4.6,9,1984
1344,06/09/84,8.5,9,1984
1345,07/09/84,9.5,9,1984
1346,08/09/84,9.4,9,1984
1347,09/09/84,10.5,9,1984
1348,10/09/84,9.7,9,1984
1349,11/09/84,4.9,9,1984
1350,12/09/84,8.0,9,1984
1351,13/09/84,5.8,9,1984
1352,14/09/84,5.5,9,1984
1353,15/09/84,10.9,9,1984
1354,16/09/84,11.7,9,1984
1355,17/09/84,9.2,9,1984
1356,18/09/84,8.9,9,1984
1357,19/09/84,11.3,9,1984
1358,20/09/84,8.6,9,1984
1359,21/09/84,6.2,9,1984
1360,22/09/84,6.6,9,1984
1361,23/09/84,9.1,9,1984
1362,24/09/84,6.1,9,1984
1363,25/09/84,7.5,9,1984
1364,26/09/84,10.7,9,1984
1365,27/09/84,6.3,9,1984
1366,28/09/84,5.5,9,1984
1367,29/09/84,6.7,9,1984
1368,30/09/84,4.2,9,1984
1369,01/10/84,11.3,10,1984
1370,02/10/84,16.3,10,1984
1371,03/10/84,10.5,10,1984
1372,04/10/84,10.3,10,1984
1373,05/10/84,7.9,10,1984
1374,06/10/84,7.7,10,1984
1375,07/10/84,16.0,10,1984
1376,08/10/84,14.6,10,1984
1377,09/10/84,12.5,10,1984
1378,10/10/84,8.1,10,1984
1379,11/10/84,12.2,10,1984
1380,12/10/84,17.2,10,1984
1381,13/10/84,9.4,10,1984
1382,14/10/84,8.7,10,1984
1383,15/10/84,5.9,10,1984
1384,16/10/84,4.8,10,1984
1385,17/10/84,7.4,10,1984
1386,18/10/84,9.4,10,1984
1387,19/10/84,9.7,10,1984
1388,20/10/84,9.9,10,1984
1389,21/10/84,6.5,10,1984
1390,22/10/84,9.8,10,1984
1391,23/10/84,18.2,10,1984
1392,24/10/84,11.3,10,1984
1393,25/10/84,9.1,10,1984
1394,26/10/84,9.6,10,1984
1395,27/10/84,13.5,10,1984
1396,28/10/84,10.7,10,1984
1397,29/10/84,10.0,10,1984
1398,30/10/84,8.5,10,1984
1399,31/10/84,12.6,10,1984
1400,01/11/84,16.6,11,1984
1401,02/11/84,11.6,11,1984
1402,03/11/84,12.2,11,1984
1403,04/11/84,11.2,11,1984
1404,05/11/84,9.2,11,1984
1405,06/11/84,9.9,11,1984
1406,07/11/84,11.9,11,1984
1407,08/11/84,15.6,11,1984
1408,09/11/84,19.0,11,1984
1409,10/11/84,12.8,11,1984
1410,11/11/84,12.2,11,1984
1411,12/11/84,12.0,11,1984
1412,13/11/84,11.1,11,1984
1413,14/11/84,11.8,11,1984
1414,15/11/84,7.6,11,1984
1415,16/11/84,13.0,11,1984
1416,17/11/84,12.7,11,1984
1417,18/11/84,16.0,11,1984
1418,19/11/84,14.8,11,1984
1419,20/11/84,14.2,11,1984
1420,21/11/84,10.0,11,1984
1421,22/11/84,8.8,11,1984
1422,23/11/84,11.6,11,1984
1423,24/11/84,8.6,11,1984
1424,25/11/84,14.6,11,1984
1425,26/11/84,24.3,11,1984
1426,27/11/84,11.6,11,1984
1427,28/11/84,10.8,11,1984
1428,29/11/84,12.0,11,1984
1429,30/11/84,11.0,11,1984
1430,01/12/84,12.6,12,1984
1431,02/12/84,10.8,12,1984
1432,03/12/84,9.1,12,1984
1433,04/12/84,11.0,12,1984
1434,05/12/84,13.0,12,1984
1435,06/12/84,12.8,12,1984
1436,07/12/84,9.9,12,1984
1437,08/12/84,11.6,12,1984
1438,09/12/84,10.5,12,1984
1439,10/12/84,15.9,12,1984
1440,11/12/84,12.2,12,1984
1441,12/12/84,13.0,12,1984
1442,13/12/84,12.5,12,1984
1443,14/12/84,12.5,12,1984
1444,15/12/84,11.4,12,1984
1445,16/12/84,12.1,12,1984
1446,17/12/84,16.8,12,1984
1447,18/12/84,12.1,12,1984
1448,19/12/84,11.3,12,1984
1449,20/12/84,10.4,12,1984
1450,21/12/84,14.2,12,1984
1451,22/12/84,11.4,12,1984
1452,23/12/84,13.7,12,1984
1453,24/12/84,16.5,12,1984
1454,25/12/84,12.8,12,1984
1455,26/12/84,12.2,12,1984
1456,27/12/84,12.0,12,1984
1457,28/12/84,12.6,12,1984
1458,29/12/84,16.0,12,1984
1459,30/12/84,16.4,12,1984
1460,01/01/85,13.3,1,1985
1461,02/01/85,15.2,1,1985
1462,03/01/85,13.1,1,1985
1463,04/01/85,12.7,1,1985
1464,05/01/85,14.6,1,1985
1465,06/01/85,11.0,1,1985
1466,07/01/85,13.2,1,1985
1467,08/01/85,12.2,1,1985
1468,09/01/85,14.4,1,1985
1469,10/01/85,13.7,1,1985
1470,11/01/85,14.5,1,1985
1471,12/01/85,14.1,1,1985
1472,13/01/85,14.4,1,1985
1473,14/01/85,19.7,1,1985
1474,15/01/85,16.5,1,1985
1475,16/01/85,15.9,1,1985
1476,17/01/85,11.8,1,1985
1477,18/01/85,12.0,1,1985
1478,19/01/85,11.4,1,1985
1479,20/01/85,14.4,1,1985
1480,21/01/85,12.4,1,1985
1481,22/01/85,15.1,1,1985
1482,23/01/85,15.6,1,1985
1483,24/01/85,15.2,1,1985
1484,25/01/85,12.8,1,1985
1485,26/01/85,13.3,1,1985
1486,27/01/85,17.5,1,1985
1487,28/01/85,15.4,1,1985
1488,29/01/85,13.5,1,1985
1489,30/01/85,16.7,1,1985
1490,31/01/85,15.2,1,1985
1491,01/02/85,14.9,2,1985
1492,02/02/85,10.2,2,1985
1493,03/02/85,13.6,2,1985
1494,04/02/85,19.0,2,1985
1495,05/02/85,15.7,2,1985
1496,06/02/85,18.0,2,1985
1497,07/02/85,14.8,2,1985
1498,08/02/85,13.9,2,1985
1499,09/02/85,13.0,2,1985
1500,10/02/85,15.3,2,1985
1501,11/02/85,14.3,2,1985
1502,12/02/85,15.6,2,1985
1503,13/02/85,16.0,2,1985
1504,14/02/85,14.9,2,1985
1505,15/02/85,11.1,2,1985
1506,16/02/85,14.8,2,1985
1507,17/02/85,13.0,2,1985
1508,18/02/85,12.2,2,1985
1509,19/02/85,10.9,2,1985
1510,20/02/85,14.6,2,1985
1511,21/02/85,16.6,2,1985
1512,22/02/85,18.1,2,1985
1513,23/02/85,13.4,2,1985
1514,24/02/85,10.3,2,1985
1515,25/02/85,13.6,2,1985
1516,26/02/85,13.8,2,1985
1517,27/02/85,10.3,2,1985
1518,28/02/85,11.0,2,1985
1519,01/03/85,14.3,3,1985
1520,02/03/85,15.5,3,1985
1521,03/03/85,14.7,3,1985
1522,04/03/85,12.7,3,1985
1523,05/03/85,10.7,3,1985
1524,06/03/85,12.6,3,1985
1525,07/03/85,9.8,3,1985
1526,08/03/85,13.2,3,1985
1527,09/03/85,15.2,3,1985
1528,10/03/85,16.6,3,1985
1529,11/03/85,21.0,3,1985
1530,12/03/85,22.4,3,1985
1531,13/03/85,17.0,3,1985
1532,14/03/85,21.7,3,1985
1533,15/03/85,21.4,3,1985
1534,16/03/85,18.6,3,1985
1535,17/03/85,16.2,3,1985
1536,18/03/85,16.8,3,1985
1537,19/03/85,17.0,3,1985
1538,20/03/85,18.4,3,1985
1539,21/03/85,17.2,3,1985
1540,22/03/85,18.4,3,1985
1541,23/03/85,18.8,3,1985
1542,24/03/85,16.5,3,1985
1543,25/03/85,13.3,3,1985
1544,26/03/85,12.2,3,1985
1545,27/03/85,11.3,3,1985
1546,28/03/85,13.8,3,1985
1547,29/03/85,16.6,3,1985
1548,30/03/85,14.0,3,1985
1549,31/03/85,14.3,3,1985
1550,01/04/85,16.4,4,1985
1551,02/04/85,11.9,4,1985
1552,03/04/85,15.7,4,1985
1553,04/04/85,17.6,4,1985
1554,05/04/85,17.5,4,1985
1555,06/04/85,15.9,4,1985
1556,07/04/85,16.2,4,1985
1557,08/04/85,16.0,4,1985
1558,09/04/85,15.9,4,1985
1559,10/04/85,16.2,4,1985
1560,11/04/85,16.2,4,1985
1561,12/04/85,19.5,4,1985
1562,13/04/85,18.2,4,1985
1563,14/04/85,21.8,4,1985
1564,15/04/85,15.1,4,1985
1565,16/04/85,11.0,4,1985
1566,17/04/85,8.1,4,1985
1567,18/04/85,9.5,4,1985
1568,19/04/85,9.3,4,1985
1569,20/04/85,10.6,4,1985
1570,21/04/85,6.3,4,1985
1571,22/04/85,8.6,4,1985
1572,23/04/85,6.8,4,1985
1573,24/04/85,8.7,4,1985
1574,25/04/85,8.4,4,1985
1575,26/04/85,9.3,4,1985
1576,27/04/85,10.0,4,1985
1577,28/04/85,10.5,4,1985
1578,29/04/85,12.0,4,1985
1579,30/04/85,10.1,4,1985
1580,01/05/85,9.4,5,1985
1581,02/05/85,10.1,5,1985
1582,03/05/85,8.0,5,1985
1583,04/05/85,10.6,5,1985
1584,05/05/85,13.6,5,1985
1585,06/05/85,15.4,5,1985
1586,07/05/85,9.0,5,1985
1587,08/05/85,10.4,5,1985
1588,09/05/85,11.0,5,1985
1589,10/05/85,12.1,5,1985
1590,11/05/85,13.4,5,1985
1591,12/05/85,11.3,5,1985
1592,13/05/85,6.7,5,1985
1593,14/05/85,9.8,5,1985
1594,15/05/85,10.8,5,1985
1595,16/05/85,7.8,5,1985
1596,17/05/85,4.5,5,1985
1597,18/05/85,7.6,5,1985
1598,19/05/85,6.9,5,1985
1599,20/05/85,7.5,5,1985
1600,21/05/85,8.5,5,1985
1601,22/05/85,5.5,5,1985
1602,23/05/85,9.5,5,1985
1603,24/05/85,7.3,5,1985
1604,25/05/85,5.4,5,1985
1605,26/05/85,5.5,5,1985
1606,27/05/85,8.1,5,1985
1607,28/05/85,11.2,5,1985
1608,29/05/85,13.4,5,1985
1609,30/05/85,11.6,5,1985
1610,31/05/85,10.1,5,1985
1611,01/06/85,4.3,6,1985
1612,02/06/85,5.5,6,1985
1613,03/06/85,4.4,6,1985
1614,04/06/85,5.9,6,1985
1615,05/06/85,5.7,6,1985
1616,06/06/85,8.2,6,1985
1617,07/06/85,8.2,6,1985
1618,08/06/85,4.2,6,1985
1619,09/06/85,6.5,6,1985
1620,10/06/85,10.0,6,1985
1621,11/06/85,8.8,6,1985
1622,12/06/85,6.6,6,1985
1623,13/06/85,7.8,6,1985
1624,14/06/85,10.1,6,1985
1625,15/06/85,7.1,6,1985
1626,16/06/85,7.7,6,1985
1627,17/06/85,8.5,6,1985
1628,18/06/85,7.3,6,1985
1629,19/06/85,6.9,6,1985
1630,20/06/85,8.4,6,1985
1631,21/06/85,7.1,6,1985
1632,22/06/85,6.3,6,1985
1633,23/06/85,0.6,6,1985
1634,24/06/85,1.6,6,1985
1635,25/06/85,7.0,6,1985
1636,26/06/85,8.3,6,1985
1637,27/06/85,8.0,6,1985
1638,28/06/85,10.2,6,1985
1639,29/06/85,10.6,6,1985
1640,30/06/85,10.4,6,1985
1641,01/07/85,11.6,7,1985
1642,02/07/85,11.0,7,1985
1643,03/07/85,10.7,7,1985
1644,04/07/85,7.3,7,1985
1645,05/07/85,4.2,7,1985
1646,06/07/85,4.7,7,1985
1647,07/07/85,5.6,7,1985
1648,08/07/85,7.7,7,1985
1649,09/07/85,7.5,7,1985
1650,10/07/85,4.9,7,1985
1651,11/07/85,5.9,7,1985
1652,12/07/85,7.8,7,1985
1653,13/07/85,5.8,7,1985
1654,14/07/85,7.0,7,1985
1655,15/07/85,8.4,7,1985
1656,16/07/85,6.2,7,1985
1657,17/07/85,7.5,7,1985
1658,18/07/85,4.8,7,1985
1659,19/07/85,3.3,7,1985
1660,20/07/85,3.2,7,1985
1661,21/07/85,7.0,7,1985
1662,22/07/85,8.4,7,1985
1663,23/07/85,0.3,7,1985
1664,24/07/85,0.3,7,1985
1665,25/07/85,2.1,7,1985
1666,26/07/85,8.5,7,1985
1667,27/07/85,1.4,7,1985
1668,28/07/85,4.1,7,1985
1669,29/07/85,10.3,7,1985
1670,30/07/85,6.6,7,1985
1671,31/07/85,6.1,7,1985
1672,01/08/85,7.0,8,1985
1673,02/08/85,5.1,8,1985
1674,03/08/85,6.3,8,1985
1675,04/08/85,6.9,8,1985
1676,05/08/85,11.4,8,1985
1677,06/08/85,10.4,8,1985
1678,07/08/85,10.3,8,1985
1679,08/08/85,9.2,8,1985
1680,09/08/85,7.2,8,1985
1681,10/08/85,7.5,8,1985
1682,11/08/85,4.0,8,1985
1683,12/08/85,5.6,8,1985
1684,13/08/85,6.7,8,1985
1685,14/08/85,8.4,8,1985
1686,15/08/85,11.0,8,1985
1687,16/08/85,8.4,8,1985
1688,17/08/85,8.8,8,1985
1689,18/08/85,8.6,8,1985
1690,19/08/85,8.3,8,1985
1691,20/08/85,4.0,8,1985
1692,21/08/85,3.6,8,1985
1693,22/08/85,5.7,8,1985
1694,23/08/85,10.6,8,1985
1695,24/08/85,6.9,8,1985
1696,25/08/85,10.0,8,1985
1697,26/08/85,9.8,8,1985
1698,27/08/85,7.2,8,1985
1699,28/08/85,10.5,8,1985
1700,29/08/85,3.6,8,1985
1701,30/08/85,5.3,8,1985
1702,31/08/85,8.4,8,1985
1703,01/09/85,10.3,9,1985
1704,02/09/85,7.9,9,1985
1705,03/09/85,8.5,9,1985
1706,04/09/85,7.9,9,1985
1707,05/09/85,8.0,9,1985
1708,06/09/85,9.8,9,1985
1709,07/09/85,6.7,9,1985
1710,08/09/85,4.8,9,1985
1711,09/09/85,9.9,9,1985
1712,10/09/85,12.8,9,1985
1713,11/09/85,10.9,9,1985
1714,12/09/85,11.7,9,1985
1715,13/09/85,11.7,9,1985
1716,14/09/85,11.0,9,1985
1717,15/09/85,8.2,9,1985
1718,16/09/85,7.5,9,1985
1719,17/09/85,5.4,9,1985
1720,18/09/85,7.2,9,1985
1721,19/09/85,9.7,9,1985
1722,20/09/85,8.4,9,1985
1723,21/09/85,9.0,9,1985
1724,22/09/85,8.7,9,1985
1725,23/09/85,6.6,9,1985
1726,24/09/85,11.6,9,1985
1727,25/09/85,13.1,9,1985
1728,26/09/85,6.7,9,1985
1729,27/09/85,6.5,9,1985
1730,28/09/85,7.7,9,1985
1731,29/09/85,8.7,9,1985
1732,30/09/85,7.2,9,1985
1733,01/10/85,10.5,10,1985
1734,02/10/85,8.6,10,1985
1735,03/10/85,7.2,10,1985
1736,04/10/85,11.4,10,1985
1737,05/10/85,16.2,10,1985
1738,06/10/85,6.1,10,1985
1739,07/10/85,9.6,10,1985
1740,08/10/85,11.1,10,1985
1741,09/10/85,13.6,10,1985
1742,10/10/85,10.7,10,1985
1743,11/10/85,14.7,10,1985
1744,12/10/85,11.6,10,1985
1745,13/10/85,7.3,10,1985
1746,14/10/85,8.0,10,1985
1747,15/10/85,9.6,10,1985
1748,16/10/85,16.0,10,1985
1749,17/10/85,15.1,10,1985
1750,18/10/85,12.8,10,1985
1751,19/10/85,6.2,10,1985
1752,20/10/85,7.1,10,1985
1753,21/10/85,8.4,10,1985
1754,22/10/85,10.0,10,1985
1755,23/10/85,12.7,10,1985
1756,24/10/85,10.0,10,1985
1757,25/10/85,10.2,10,1985
1758,26/10/85,6.5,10,1985
1759,27/10/85,9.2,10,1985
1760,28/10/85,11.9,10,1985
1761,29/10/85,14.7,10,1985
1762,30/10/85,11.4,10,1985
1763,31/10/85,6.8,10,1985
1764,01/11/85,7.4,11,1985
1765,02/11/85,11.2,11,1985
1766,03/11/85,9.2,11,1985
1767,04/11/85,12.6,11,1985
1768,05/11/85,16.0,11,1985
1769,06/11/85,17.1,11,1985
1770,07/11/85,15.3,11,1985
1771,08/11/85,13.3,11,1985
1772,09/11/85,15.4,11,1985
1773,10/11/85,13.2,11,1985
1774,11/11/85,14.4,11,1985
1775,12/11/85,14.0,11,1985
1776,13/11/85,15.5,11,1985
1777,14/11/85,21.0,11,1985
1778,15/11/85,10.0,11,1985
1779,16/11/85,9.6,11,1985
1780,17/11/85,12.0,11,1985
1781,18/11/85,12.2,11,1985
1782,19/11/85,11.3,11,1985
1783,20/11/85,13.2,11,1985
1784,21/11/85,10.5,11,1985
1785,22/11/85,10.1,11,1985
1786,23/11/85,8.8,11,1985
1787,24/11/85,13.7,11,1985
1788,25/11/85,16.2,11,1985
1789,26/11/85,16.0,11,1985
1790,27/11/85,14.0,11,1985
1791,28/11/85,13.7,11,1985
1792,29/11/85,12.5,11,1985
1793,30/11/85,12.8,11,1985
1794,01/12/85,12.3,12,1985
1795,02/12/85,15.2,12,1985
1796,03/12/85,15.0,12,1985
1797,04/12/85,16.4,12,1985
1798,05/12/85,16.1,12,1985
1799,06/12/85,14.6,12,1985
1800,07/12/85,18.2,12,1985
1801,08/12/85,16.4,12,1985
1802,09/12/85,16.6,12,1985
1803,10/12/85,14.7,12,1985
1804,11/12/85,15.8,12,1985
1805,12/12/85,14.1,12,1985
1806,13/12/85,13.5,12,1985
1807,14/12/85,13.6,12,1985
1808,15/12/85,13.7,12,1985
1809,16/12/85,13.6,12,1985
1810,17/12/85,12.1,12,1985
1811,18/12/85,12.7,12,1985
1812,19/12/85,13.3,12,1985
1813,20/12/85,14.2,12,1985
1814,21/12/85,15.0,12,1985
1815,22/12/85,13.7,12,1985
1816,23/12/85,12.0,12,1985
1817,24/12/85,13.1,12,1985
1818,25/12/85,13.2,12,1985
1819,26/12/85,13.3,12,1985
1820,27/12/85,11.5,12,1985
1821,28/12/85,10.8,12,1985
1822,29/12/85,12.0,12,1985
1823,30/12/85,16.3,12,1985
1824,31/12/85,14.4,12,1985
1825,01/01/86,12.9,1,1986
1826,02/01/86,13.8,1,1986
1827,03/01/86,10.6,1,1986
1828,04/01/86,12.6,1,1986
1829,05/01/86,13.7,1,1986
1830,06/01/86,12.6,1,1986
1831,07/01/86,13.1,1,1986
1832,08/01/86,15.4,1,1986
1833,09/01/86,11.9,1,1986
1834,10/01/86,13.8,1,1986
1835,11/01/86,14.4,1,1986
1836,12/01/86,15.2,1,1986
1837,13/01/86,12.5,1,1986
1838,14/01/86,12.2,1,1986
1839,15/01/86,16.1,1,1986
1840,16/01/86,14.6,1,1986
1841,17/01/86,11.6,1,1986
1842,18/01/86,13.1,1,1986
1843,19/01/86,12.8,1,1986
1844,20/01/86,15.2,1,1986
1845,21/01/86,13.8,1,1986
1846,22/01/86,15.0,1,1986
1847,23/01/86,13.5,1,1986
1848,24/01/86,11.8,1,1986
1849,25/01/86,15.3,1,1986
1850,26/01/86,13.5,1,1986
1851,27/01/86,15.3,1,1986
1852,28/01/86,13.8,1,1986
1853,29/01/86,15.8,1,1986
1854,30/01/86,17.4,1,1986
1855,31/01/86,15.3,1,1986
1856,01/02/86,14.6,2,1986
1857,02/02/86,14.8,2,1986
1858,03/02/86,10.7,2,1986
1859,04/02/86,11.6,2,1986
1860,05/02/86,13.6,2,1986
1861,06/02/86,14.4,2,1986
1862,07/02/86,11.8,2,1986
1863,08/02/86,15.8,2,1986
1864,09/02/86,16.0,2,1986
1865,10/02/86,11.8,2,1986
1866,11/02/86,14.5,2,1986
1867,12/02/86,10.7,2,1986
1868,13/02/86,14.2,2,1986
1869,14/02/86,19.5,2,1986
1870,15/02/86,21.4,2,1986
1871,16/02/86,17.9,2,1986
1872,17/02/86,17.4,2,1986
1873,18/02/86,12.7,2,1986
1874,19/02/86,13.8,2,1986
1875,20/02/86,14.0,2,1986
1876,21/02/86,15.0,2,1986
1877,22/02/86,14.5,2,1986
1878,23/02/86,13.1,2,1986
1879,24/02/86,11.4,2,1986
1880,25/02/86,12.5,2,1986
1881,26/02/86,12.0,2,1986
1882,27/02/86,13.4,2,1986
1883,28/02/86,14.4,2,1986
1884,01/03/86,17.7,3,1986
1885,02/03/86,13.9,3,1986
1886,03/03/86,13.3,3,1986
1887,04/03/86,14.6,3,1986
1888,05/03/86,16.4,3,1986
1889,06/03/86,16.8,3,1986
1890,07/03/86,20.0,3,1986
1891,08/03/86,12.5,3,1986
1892,09/03/86,12.7,3,1986
1893,10/03/86,11.7,3,1986
1894,11/03/86,12.7,3,1986
1895,12/03/86,8.6,3,1986
1896,13/03/86,11.9,3,1986
1897,14/03/86,16.0,3,1986
1898,15/03/86,15.2,3,1986
1899,16/03/86,13.4,3,1986
1900,17/03/86,11.6,3,1986
1901,18/03/86,11.1,3,1986
1902,19/03/86,15.6,3,1986
1903,20/03/86,17.0,3,1986
1904,21/03/86,18.5,3,1986
1905,22/03/86,17.4,3,1986
1906,23/03/86,16.5,3,1986
1907,24/03/86,16.2,3,1986
1908,25/03/86,16.1,3,1986
1909,26/03/86,13.2,3,1986
1910,27/03/86,18.0,3,1986
1911,28/03/86,12.8,3,1986
1912,29/03/86,11.7,3,1986
1913,30/03/86,16.7,3,1986
1914,31/03/86,15.6,3,1986
1915,01/04/86,10.2,4,1986
1916,02/04/86,10.3,4,1986
1917,03/04/86,15.0,4,1986
1918,04/04/86,18.0,4,1986
1919,05/04/86,13.8,4,1986
1920,06/04/86,10.5,4,1986
1921,07/04/86,11.8,4,1986
1922,08/04/86,7.2,4,1986
1923,09/04/86,11.6,4,1986
1924,10/04/86,7.4,4,1986
1925,11/04/86,14.2,4,1986
1926,12/04/86,12.2,4,1986
1927,13/04/86,9.0,4,1986
1928,14/04/86,12.3,4,1986
1929,15/04/86,19.7,4,1986
1930,16/04/86,12.8,4,1986
1931,17/04/86,12.4,4,1986
1932,18/04/86,12.0,4,1986
1933,19/04/86,12.0,4,1986
1934,20/04/86,11.1,4,1986
1935,21/04/86,12.7,4,1986
1936,22/04/86,14.2,4,1986
1937,23/04/86,11.6,4,1986
1938,24/04/86,12.0,4,1986
1939,25/04/86,11.5,4,1986
1940,26/04/86,8.3,4,1986
1941,27/04/86,10.5,4,1986
1942,28/04/86,9.0,4,1986
1943,29/04/86,6.9,4,1986
1944,30/04/86,9.4,4,1986
1945,01/05/86,11.1,5,1986
1946,02/05/86,9.1,5,1986
1947,03/05/86,7.7,5,1986
1948,04/05/86,10.0,5,1986
1949,05/05/86,10.4,5,1986
1950,06/05/86,8.0,5,1986
1951,07/05/86,9.8,5,1986
1952,08/05/86,12.4,5,1986
1953,09/05/86,12.9,5,1986
1954,10/05/86,12.3,5,1986
1955,11/05/86,6.9,5,1986
1956,12/05/86,10.5,5,1986
1957,13/05/86,11.0,5,1986
1958,14/05/86,9.7,5,1986
1959,15/05/86,11.1,5,1986
1960,16/05/86,11.5,5,1986
1961,17/05/86,13.4,5,1986
1962,18/05/86,10.9,5,1986
1963,19/05/86,12.0,5,1986
1964,20/05/86,12.1,5,1986
1965,21/05/86,10.4,5,1986
1966,22/05/86,10.0,5,1986
1967,23/05/86,9.6,5,1986
1968,24/05/86,11.3,5,1986
1969,25/05/86,8.5,5,1986
1970,26/05/86,6.3,5,1986
1971,27/05/86,8.2,5,1986
1972,28/05/86,10.7,5,1986
1973,29/05/86,10.3,5,1986
1974,30/05/86,9.5,5,1986
1975,31/05/86,10.9,5,1986
1976,01/06/86,10.9,6,1986
1977,02/06/86,4.3,6,1986
1978,03/06/86,5.2,6,1986
1979,04/06/86,11.0,6,1986
1980,05/06/86,11.6,6,1986
1981,06/06/86,10.6,6,1986
1982,07/06/86,9.4,6,1986
1983,08/06/86,10.0,6,1986
1984,09/06/86,9.6,6,1986
1985,10/06/86,9.5,6,1986
1986,11/06/86,9.7,6,1986
1987,12/06/86,9.6,6,1986
1988,13/06/86,7.0,6,1986
1989,14/06/86,7.0,6,1986
1990,15/06/86,6.8,6,1986
1991,16/06/86,6.9,6,1986
1992,17/06/86,8.0,6,1986
1993,18/06/86,7.6,6,1986
1994,19/06/86,8.6,6,1986
1995,20/06/86,5.7,6,1986
1996,21/06/86,5.5,6,1986
1997,22/06/86,5.7,6,1986
1998,23/06/86,5.7,6,1986
1999,24/06/86,6.6,6,1986
2000,25/06/86,6.0,6,1986
2001,26/06/86,6.9,6,1986
2002,27/06/86,7.7,6,1986
2003,28/06/86,8.0,6,1986
2004,29/06/86,3.9,6,1986
2005,30/06/86,0.8,6,1986
2006,01/07/86,2.8,7,1986
2007,02/07/86,8.0,7,1986
2008,03/07/86,9.8,7,1986
2009,04/07/86,11.4,7,1986
2010,05/07/86,8.6,7,1986
2011,06/07/86,5.2,7,1986
2012,07/07/86,6.6,7,1986
2013,08/07/86,5.7,7,1986
2014,09/07/86,4.6,7,1986
2015,10/07/86,5.8,7,1986
2016,11/07/86,7.0,7,1986
2017,12/07/86,4.8,7,1986
2018,13/07/86,4.4,7,1986
2019,14/07/86,4.4,7,1986
2020,15/07/86,7.9,7,1986
2021,16/07/86,10.6,7,1986
2022,17/07/86,5.0,7,1986
2023,18/07/86,7.6,7,1986
2024,19/07/86,9.2,7,1986
2025,20/07/86,9.7,7,1986
2026,21/07/86,8.8,7,1986
2027,22/07/86,6.8,7,1986
2028,23/07/86,9.4,7,1986
2029,24/07/86,11.0,7,1986
2030,25/07/86,2.5,7,1986
2031,26/07/86,2.1,7,1986
2032,27/07/86,5.4,7,1986
2033,28/07/86,6.2,7,1986
2034,29/07/86,7.8,7,1986
2035,30/07/86,7.4,7,1986
2036,31/07/86,9.3,7,1986
2037,01/08/86,9.3,8,1986
2038,02/08/86,9.5,8,1986
2039,03/08/86,8.5,8,1986
2040,04/08/86,10.0,8,1986
2041,05/08/86,7.7,8,1986
2042,06/08/86,9.3,8,1986
2043,07/08/86,9.1,8,1986
2044,08/08/86,3.5,8,1986
2045,09/08/86,3.6,8,1986
2046,10/08/86,2.5,8,1986
2047,11/08/86,1.7,8,1986
2048,12/08/86,2.7,8,1986
2049,13/08/86,2.9,8,1986
2050,14/08/86,5.3,8,1986
2051,15/08/86,7.7,8,1986
2052,16/08/86,9.1,8,1986
2053,17/08/86,9.4,8,1986
2054,18/08/86,7.3,8,1986
2055,19/08/86,8.4,8,1986
2056,20/08/86,9.2,8,1986
2057,21/08/86,6.6,8,1986
2058,22/08/86,9.7,8,1986
2059,23/08/86,12.4,8,1986
2060,24/08/86,10.2,8,1986
2061,25/08/86,5.9,8,1986
2062,26/08/86,7.1,8,1986
2063,27/08/86,7.5,8,1986
2064,28/08/86,9.7,8,1986
2065,29/08/86,12.2,8,1986
2066,30/08/86,5.6,8,1986
2067,31/08/86,5.4,8,1986
2068,01/09/86,8.3,9,1986
2069,02/09/86,10.6,9,1986
2070,03/09/86,9.1,9,1986
2071,04/09/86,11.3,9,1986
2072,05/09/86,10.9,9,1986
2073,06/09/86,8.9,9,1986
2074,07/09/86,6.3,9,1986
2075,08/09/86,9.0,9,1986
2076,09/09/86,6.1,9,1986
2077,10/09/86,9.1,9,1986
2078,11/09/86,9.6,9,1986
2079,12/09/86,6.0,9,1986
2080,13/09/86,10.0,9,1986
2081,14/09/86,11.0,9,1986
2082,15/09/86,6.2,9,1986
2083,16/09/86,8.3,9,1986
2084,17/09/86,11.3,9,1986
2085,18/09/86,11.3,9,1986
2086,19/09/86,6.7,9,1986
2087,20/09/86,6.6,9,1986
2088,21/09/86,11.4,9,1986
2089,22/09/86,6.9,9,1986
2090,23/09/86,10.6,9,1986
2091,24/09/86,8.6,9,1986
2092,25/09/86,11.3,9,1986
2093,26/09/86,12.5,9,1986
2094,27/09/86,9.9,9,1986
2095,28/09/86,6.9,9,1986
2096,29/09/86,5.5,9,1986
2097,30/09/86,7.8,9,1986
2098,01/10/86,11.0,10,1986
2099,02/10/86,16.2,10,1986
2100,03/10/86,9.9,10,1986
2101,04/10/86,8.7,10,1986
2102,05/10/86,10.5,10,1986
2103,06/10/86,12.2,10,1986
2104,07/10/86,10.6,10,1986
2105,08/10/86,8.3,10,1986
2106,09/10/86,5.5,10,1986
2107,10/10/86,9.0,10,1986
2108,11/10/86,6.4,10,1986
2109,12/10/86,7.2,10,1986
2110,13/10/86,12.9,10,1986
2111,14/10/86,12.0,10,1986
2112,15/10/86,7.3,10,1986
2113,16/10/86,9.7,10,1986
2114,17/10/86,8.4,10,1986
2115,18/10/86,14.7,10,1986
2116,19/10/86,9.5,10,1986
2117,20/10/86,7.9,10,1986
2118,21/10/86,6.8,10,1986
2119,22/10/86,12.6,10,1986
2120,23/10/86,5.2,10,1986
2121,24/10/86,7.5,10,1986
2122,25/10/86,8.7,10,1986
2123,26/10/86,7.6,10,1986
2124,27/10/86,9.0,10,1986
2125,28/10/86,7.2,10,1986
2126,29/10/86,10.7,10,1986
2127,30/10/86,13.1,10,1986
2128,31/10/86,13.9,10,1986
2129,01/11/86,10.8,11,1986
2130,02/11/86,10.4,11,1986
2131,03/11/86,9.1,11,1986
2132,04/11/86,16.0,11,1986
2133,05/11/86,21.0,11,1986
2134,06/11/86,16.2,11,1986
2135,07/11/86,8.6,11,1986
2136,08/11/86,9.2,11,1986
2137,09/11/86,12.5,11,1986
2138,10/11/86,9.7,11,1986
2139,11/11/86,12.5,11,1986
2140,12/11/86,10.3,11,1986
2141,13/11/86,12.0,11,1986
2142,14/11/86,11.0,11,1986
2143,15/11/86,14.8,11,1986
2144,16/11/86,15.0,11,1986
2145,17/11/86,15.3,11,1986
2146,18/11/86,10.3,11,1986
2147,19/11/86,10.7,11,1986
2148,20/11/86,10.5,11,1986
2149,21/11/86,8.9,11,1986
2150,22/11/86,8.1,11,1986
2151,23/11/86,11.5,11,1986
2152,24/11/86,12.8,11,1986
2153,25/11/86,9.1,11,1986
2154,26/11/86,14.6,11,1986
2155,27/11/86,11.6,11,1986
2156,28/11/86,11.2,11,1986
2157,29/11/86,12.6,11,1986
2158,30/11/86,7.5,11,1986
2159,01/12/86,11.0,12,1986
2160,02/12/86,14.5,12,1986
2161,03/12/86,18.5,12,1986
2162,04/12/86,15.4,12,1986
2163,05/12/86,13.1,12,1986
2164,06/12/86,16.3,12,1986
2165,07/12/86,20.2,12,1986
2166,08/12/86,11.5,12,1986
2167,09/12/86,12.4,12,1986
2168,10/12/86,10.9,12,1986
2169,11/12/86,12.7,12,1986
2170,12/12/86,12.2,12,1986
2171,13/12/86,12.4,12,1986
2172,14/12/86,9.8,12,1986
2173,15/12/86,8.5,12,1986
2174,16/12/86,14.7,12,1986
2175,17/12/86,12.0,12,1986
2176,18/12/86,10.3,12,1986
2177,19/12/86,11.0,12,1986
2178,20/12/86,10.2,12,1986
2179,21/12/86,12.6,12,1986
2180,22/12/86,11.6,12,1986
2181,23/12/86,9.7,12,1986
2182,24/12/86,13.4,12,1986
2183,25/12/86,10.5,12,1986
2184,26/12/86,14.7,12,1986
2185,27/12/86,14.6,12,1986
2186,28/12/86,14.2,12,1986
2187,29/12/86,13.2,12,1986
2188,30/12/86,11.7,12,1986
2189,31/12/86,17.2,12,1986
2190,01/01/87,12.3,1,1987
2191,02/01/87,13.8,1,1987
2192,03/01/87,15.3,1,1987
2193,04/01/87,15.6,1,1987
2194,05/01/87,16.2,1,1987
2195,06/01/87,16.3,1,1987
2196,07/01/87,16.8,1,1987
2197,08/01/87,11.0,1,1987
2198,09/01/87,8.5,1,1987
2199,10/01/87,13.2,1,1987
2200,11/01/87,13.0,1,1987
2201,12/01/87,12.4,1,1987
2202,13/01/87,13.0,1,1987
2203,14/01/87,16.6,1,1987
2204,15/01/87,12.0,1,1987
2205,16/01/87,12.4,1,1987
2206,17/01/87,15.0,1,1987
2207,18/01/87,11.8,1,1987
2208,19/01/87,11.6,1,1987
2209,20/01/87,12.2,1,1987
2210,21/01/87,13.7,1,1987
2211,22/01/87,11.2,1,1987
2212,23/01/87,12.4,1,1987
2213,24/01/87,11.5,1,1987
2214,25/01/87,13.8,1,1987
2215,26/01/87,15.7,1,1987
2216,27/01/87,12.9,1,1987
2217,28/01/87,11.5,1,1987
2218,29/01/87,11.0,1,1987
2219,30/01/87,12.7,1,1987
2220,31/01/87,14.9,1,1987
2221,01/02/87,16.5,2,1987
2222,02/02/87,12.8,2,1987
2223,03/02/87,12.7,2,1987
2224,04/02/87,12.7,2,1987
2225,05/02/87,11.6,2,1987
2226,06/02/87,13.3,2,1987
2227,07/02/87,15.2,2,1987
2228,08/02/87,16.4,2,1987
2229,09/02/87,11.9,2,1987
2230,10/02/87,15.1,2,1987
2231,11/02/87,10.6,2,1987
2232,12/02/87,13.6,2,1987
2233,13/02/87,12.1,2,1987
2234,14/02/87,16.0,2,1987
2235,15/02/87,16.8,2,1987
2236,16/02/87,16.6,2,1987
2237,17/02/87,15.6,2,1987
2238,18/02/87,15.2,2,1987
2239,19/02/87,17.7,2,1987
2240,20/02/87,21.0,2,1987
2241,21/02/87,13.4,2,1987
2242,22/02/87,10.5,2,1987
2243,23/02/87,9.5,2,1987
2244,24/02/87,12.0,2,1987
2245,25/02/87,10.4,2,1987
2246,26/02/87,11.5,2,1987
2247,27/02/87,13.2,2,1987
2248,28/02/87,15.0,2,1987
2249,01/03/87,14.1,3,1987
2250,02/03/87,12.4,3,1987
2251,03/03/87,13.4,3,1987
2252,04/03/87,12.5,3,1987
2253,05/03/87,14.3,3,1987
2254,06/03/87,17.6,3,1987
2255,07/03/87,10.4,3,1987
2256,08/03/87,9.9,3,1987
2257,09/03/87,10.2,3,1987
2258,10/03/87,11.3,3,1987
2259,11/03/87,9.5,3,1987
2260,12/03/87,11.8,3,1987
2261,13/03/87,11.5,3,1987
2262,14/03/87,10.5,3,1987
2263,15/03/87,10.8,3,1987
2264,16/03/87,13.0,3,1987
2265,17/03/87,18.5,3,1987
2266,18/03/87,18.7,3,1987
2267,19/03/87,15.0,3,1987
2268,20/03/87,13.0,3,1987
2269,21/03/87,11.3,3,1987
2270,22/03/87,13.0,3,1987
2271,23/03/87,13.3,3,1987
2272,24/03/87,11.0,3,1987
2273,25/03/87,10.3,3,1987
2274,26/03/87,13.0,3,1987
2275,27/03/87,12.3,3,1987
2276,28/03/87,15.6,3,1987
2277,29/03/87,10.2,3,1987
2278,30/03/87,10.8,3,1987
2279,31/03/87,12.0,3,1987
2280,01/04/87,13.3,4,1987
2281,02/04/87,11.7,4,1987
2282,03/04/87,12.5,4,1987
2283,04/04/87,13.7,4,1987
2284,05/04/87,14.9,4,1987
2285,06/04/87,20.2,4,1987
2286,07/04/87,16.3,4,1987
2287,08/04/87,13.9,4,1987
2288,09/04/87,10.1,4,1987
2289,10/04/87,7.3,4,1987
2290,11/04/87,14.0,4,1987
2291,12/04/87,17.7,4,1987
2292,13/04/87,16.3,4,1987
2293,14/04/87,10.6,4,1987
2294,15/04/87,9.7,4,1987
2295,16/04/87,7.8,4,1987
2296,17/04/87,10.4,4,1987
2297,18/04/87,10.4,4,1987
2298,19/04/87,14.1,4,1987
2299,20/04/87,7.1,4,1987
2300,21/04/87,8.1,4,1987
2301,22/04/87,7.8,4,1987
2302,23/04/87,10.6,4,1987
2303,24/04/87,9.1,4,1987
2304,25/04/87,9.0,4,1987
2305,26/04/87,11.9,4,1987
2306,27/04/87,17.1,4,1987
2307,28/04/87,16.8,4,1987
2308,29/04/87,13.5,4,1987
2309,30/04/87,11.6,4,1987
2310,01/05/87,7.0,5,1987
2311,02/05/87,9.7,5,1987
2312,03/05/87,9.9,5,1987
2313,04/05/87,11.2,5,1987
2314,05/05/87,11.3,5,1987
2315,06/05/87,11.8,5,1987
2316,07/05/87,9.9,5,1987
2317,08/05/87,7.1,5,1987
2318,09/05/87,9.6,5,1987
2319,10/05/87,9.8,5,1987
2320,11/05/87,10.6,5,1987
2321,12/05/87,12.8,5,1987
2322,13/05/87,16.5,5,1987
2323,14/05/87,11.7,5,1987
2324,15/05/87,12.3,5,1987
2325,16/05/87,12.2,5,1987
2326,17/05/87,11.8,5,1987
2327,18/05/87,10.7,5,1987
2328,19/05/87,10.2,5,1987
2329,20/05/87,10.0,5,1987
2330,21/05/87,8.3,5,1987
2331,22/05/87,6.6,5,1987
2332,23/05/87,9.5,5,1987
2333,24/05/87,12.3,5,1987
2334,25/05/87,7.6,5,1987
2335,26/05/87,9.3,5,1987
2336,27/05/87,5.0,5,1987
2337,28/05/87,4.3,5,1987
2338,29/05/87,6.4,5,1987
2339,30/05/87,10.8,5,1987
2340,31/05/87,7.8,5,1987
2341,01/06/87,8.5,6,1987
2342,02/06/87,9.7,6,1987
2343,03/06/87,10.0,6,1987
2344,04/06/87,11.0,6,1987
2345,05/06/87,10.2,6,1987
2346,06/06/87,6.6,6,1987
2347,07/06/87,6.1,6,1987
2348,08/06/87,5.9,6,1987
2349,09/06/87,8.9,6,1987
2350,10/06/87,13.0,6,1987
2351,11/06/87,12.6,6,1987
2352,12/06/87,5.4,6,1987
2353,13/06/87,6.0,6,1987
2354,14/06/87,7.8,6,1987
2355,15/06/87,9.0,6,1987
2356,16/06/87,4.2,6,1987
2357,17/06/87,3.0,6,1987
2358,18/06/87,4.5,6,1987
2359,19/06/87,6.2,6,1987
2360,20/06/87,11.9,6,1987
2361,21/06/87,11.8,6,1987
2362,22/06/87,9.4,6,1987
2363,23/06/87,9.6,6,1987
2364,24/06/87,9.4,6,1987
2365,25/06/87,7.0,6,1987
2366,26/06/87,8.9,6,1987
2367,27/06/87,9.3,6,1987
2368,28/06/87,6.8,6,1987
2369,29/06/87,7.5,6,1987
2370,30/06/87,8.0,6,1987
2371,01/07/87,8.3,7,1987
2372,02/07/87,2.7,7,1987
2373,03/07/87,3.9,7,1987
2374,04/07/87,4.1,7,1987
2375,05/07/87,5.0,7,1987
2376,06/07/87,5.8,7,1987
2377,07/07/87,4.4,7,1987
2378,08/07/87,4.1,7,1987
2379,09/07/87,5.8,7,1987
2380,10/07/87,9.1,7,1987
2381,11/07/87,7.9,7,1987
2382,12/07/87,5.0,7,1987
2383,13/07/87,2.8,7,1987
2384,14/07/87,4.7,7,1987
2385,15/07/87,8.9,7,1987
2386,16/07/87,5.4,7,1987
2387,17/07/87,7.1,7,1987
2388,18/07/87,9.0,7,1987
2389,19/07/87,9.4,7,1987
2390,20/07/87,6.3,7,1987
2391,21/07/87,7.0,7,1987
2392,22/07/87,6.4,7,1987
2393,23/07/87,6.7,7,1987
2394,24/07/87,1.5,7,1987
2395,25/07/87,2.9,7,1987
2396,26/07/87,4.8,7,1987
2397,27/07/87,6.3,7,1987
2398,28/07/87,5.7,7,1987
2399,29/07/87,7.0,7,1987
2400,30/07/87,8.8,7,1987
2401,31/07/87,8.7,7,1987
2402,01/08/87,9.0,8,1987
2403,02/08/87,9.6,8,1987
2404,03/08/87,8.0,8,1987
2405,04/08/87,8.4,8,1987
2406,05/08/87,8.1,8,1987
2407,06/08/87,9.0,8,1987
2408,07/08/87,5.3,8,1987
2409,08/08/87,8.9,8,1987
2410,09/08/87,8.7,8,1987
2411,10/08/87,4.9,8,1987
2412,11/08/87,7.0,8,1987
2413,12/08/87,7.5,8,1987
2414,13/08/87,7.0,8,1987
2415,14/08/87,9.1,8,1987
2416,15/08/87,11.8,8,1987
2417,16/08/87,9.9,8,1987
2418,17/08/87,5.6,8,1987
2419,18/08/87,4.2,8,1987
2420,19/08/87,4.3,8,1987
2421,20/08/87,8.0,8,1987
2422,21/08/87,5.1,8,1987
2423,22/08/87,9.4,8,1987
2424,23/08/87,9.1,8,1987
2425,24/08/87,9.7,8,1987
2426,25/08/87,10.6,8,1987
2427,26/08/87,8.6,8,1987
2428,27/08/87,10.1,8,1987
2429,28/08/87,11.0,8,1987
2430,29/08/87,9.7,8,1987
2431,30/08/87,5.0,8,1987
2432,31/08/87,6.1,8,1987
2433,01/09/87,5.4,9,1987
2434,02/09/87,5.8,9,1987
2435,03/09/87,7.3,9,1987
2436,04/09/87,6.3,9,1987
2437,05/09/87,4.8,9,1987
2438,06/09/87,7.6,9,1987
2439,07/09/87,8.1,9,1987
2440,08/09/87,9.5,9,1987
2441,09/09/87,10.3,9,1987
2442,10/09/87,7.0,9,1987
2443,11/09/87,9.0,9,1987
2444,12/09/87,10.2,9,1987
2445,13/09/87,6.8,9,1987
2446,14/09/87,9.3,9,1987
2447,15/09/87,9.8,9,1987
2448,16/09/87,10.7,9,1987
2449,17/09/87,7.8,9,1987
2450,18/09/87,9.2,9,1987
2451,19/09/87,15.0,9,1987
2452,20/09/87,7.8,9,1987
2453,21/09/87,5.3,9,1987
2454,22/09/87,9.5,9,1987
2455,23/09/87,7.6,9,1987
2456,24/09/87,14.0,9,1987
2457,25/09/87,14.9,9,1987
2458,26/09/87,14.9,9,1987
2459,27/09/87,19.2,9,1987
2460,28/09/87,17.0,9,1987
2461,29/09/87,13.0,9,1987
2462,30/09/87,11.2,9,1987
2463,01/10/87,9.5,10,1987
2464,02/10/87,10.3,10,1987
2465,03/10/87,9.3,10,1987
2466,04/10/87,11.3,10,1987
2467,05/10/87,6.5,10,1987
2468,06/10/87,12.0,10,1987
2469,07/10/87,8.3,10,1987
2470,08/10/87,8.7,10,1987
2471,09/10/87,8.7,10,1987
2472,10/10/87,10.2,10,1987
2473,11/10/87,6.9,10,1987
2474,12/10/87,4.9,10,1987
2475,13/10/87,10.0,10,1987
2476,14/10/87,7.6,10,1987
2477,15/10/87,14.5,10,1987
2478,16/10/87,13.2,10,1987
2479,17/10/87,9.9,10,1987
2480,18/10/87,10.1,10,1987
2481,19/10/87,11.3,10,1987
2482,20/10/87,10.4,10,1987
2483,21/10/87,10.9,10,1987
2484,22/10/87,9.2,10,1987
2485,23/10/87,10.5,10,1987
2486,24/10/87,11.4,10,1987
2487,25/10/87,13.5,10,1987
2488,26/10/87,9.8,10,1987
2489,27/10/87,13.1,10,1987
2490,28/10/87,9.7,10,1987
2491,29/10/87,11.4,10,1987
2492,30/10/87,9.9,10,1987
2493,31/10/87,14.4,10,1987
2494,01/11/87,19.0,11,1987
2495,02/11/87,23.0,11,1987
2496,03/11/87,15.4,11,1987
2497,04/11/87,9.6,11,1987
2498,05/11/87,10.8,11,1987
2499,06/11/87,12.1,11,1987
2500,07/11/87,11.0,11,1987
2501,08/11/87,12.6,11,1987
2502,09/11/87,14.7,11,1987
2503,10/11/87,11.1,11,1987
2504,11/11/87,10.1,11,1987
2505,12/11/87,11.4,11,1987
2506,13/11/87,13.0,11,1987
2507,14/11/87,11.9,11,1987
2508,15/11/87,9.5,11,1987
2509,16/11/87,13.5,11,1987
2510,17/11/87,15.2,11,1987
2511,18/11/87,18.4,11,1987
2512,19/11/87,24.1,11,1987
2513,20/11/87,14.1,11,1987
2514,21/11/87,10.7,11,1987
2515,22/11/87,8.7,11,1987
2516,23/11/87,13.3,11,1987
2517,24/11/87,11.6,11,1987
2518,25/11/87,9.9,11,1987
2519,26/11/87,10.8,11,1987
2520,27/11/87,11.5,11,1987
2521,28/11/87,10.0,11,1987
2522,29/11/87,13.9,11,1987
2523,30/11/87,13.6,11,1987
2524,01/12/87,11.9,12,1987
2525,02/12/87,11.1,12,1987
2526,03/12/87,8.2,12,1987
2527,04/12/87,9.4,12,1987
2528,05/12/87,12.7,12,1987
2529,06/12/87,11.6,12,1987
2530,07/12/87,11.0,12,1987
2531,08/12/87,11.3,12,1987
2532,09/12/87,13.4,12,1987
2533,10/12/87,14.9,12,1987
2534,11/12/87,15.2,12,1987
2535,12/12/87,13.9,12,1987
2536,13/12/87,15.0,12,1987
2537,14/12/87,16.2,12,1987
2538,15/12/87,17.7,12,1987
2539,16/12/87,20.5,12,1987
2540,17/12/87,14.7,12,1987
2541,18/12/87,12.5,12,1987
2542,19/12/87,10.9,12,1987
2543,20/12/87,12.8,12,1987
2544,21/12/87,12.7,12,1987
2545,22/12/87,11.2,12,1987
2546,23/12/87,11.4,12,1987
2547,24/12/87,11.2,12,1987
2548,25/12/87,12.1,12,1987
2549,26/12/87,12.7,12,1987
2550,27/12/87,16.2,12,1987
2551,28/12/87,14.2,12,1987
2552,29/12/87,14.3,12,1987
2553,30/12/87,13.3,12,1987
2554,31/12/87,16.7,12,1987
2555,01/01/88,15.3,1,1988
2556,02/01/88,14.3,1,1988
2557,03/01/88,13.5,1,1988
2558,04/01/88,15.0,1,1988
2559,05/01/88,13.6,1,1988
2560,06/01/88,15.2,1,1988
2561,07/01/88,17.0,1,1988
2562,08/01/88,18.7,1,1988
2563,09/01/88,16.5,1,1988
2564,10/01/88,17.4,1,1988
2565,11/01/88,18.3,1,1988
2566,12/01/88,18.3,1,1988
2567,13/01/88,22.4,1,1988
2568,14/01/88,21.4,1,1988
2569,15/01/88,20.9,1,1988
2570,16/01/88,17.6,1,1988
2571,17/01/88,15.5,1,1988
2572,18/01/88,16.6,1,1988
2573,19/01/88,16.2,1,1988
2574,20/01/88,15.6,1,1988
2575,21/01/88,14.5,1,1988
2576,22/01/88,14.0,1,1988
2577,23/01/88,15.6,1,1988
2578,24/01/88,12.3,1,1988
2579,25/01/88,11.6,1,1988
2580,26/01/88,12.6,1,1988
2581,27/01/88,14.9,1,1988
2582,28/01/88,17.3,1,1988
2583,29/01/88,21.4,1,1988
2584,30/01/88,23.4,1,1988
2585,31/01/88,14.4,1,1988
2586,01/02/88,14.1,2,1988
2587,02/02/88,15.0,2,1988
2588,03/02/88,14.5,2,1988
2589,04/02/88,15.1,2,1988
2590,05/02/88,13.9,2,1988
2591,06/02/88,13.4,2,1988
2592,07/02/88,9.2,2,1988
2593,08/02/88,12.5,2,1988
2594,09/02/88,15.1,2,1988
2595,10/02/88,12.1,2,1988
2596,11/02/88,14.5,2,1988
2597,12/02/88,16.3,2,1988
2598,13/02/88,16.5,2,1988
2599,14/02/88,14.9,2,1988
2600,15/02/88,13.2,2,1988
2601,16/02/88,11.8,2,1988
2602,17/02/88,13.6,2,1988
2603,18/02/88,16.2,2,1988
2604,19/02/88,14.1,2,1988
2605,20/02/88,13.5,2,1988
2606,21/02/88,15.0,2,1988
2607,22/02/88,14.8,2,1988
2608,23/02/88,16.2,2,1988
2609,24/02/88,16.2,2,1988
2610,25/02/88,13.3,2,1988
2611,26/02/88,15.3,2,1988
2612,27/02/88,18.4,2,1988
2613,28/02/88,16.2,2,1988
2614,29/02/88,16.3,2,1988
2615,01/03/88,12.4,3,1988
2616,02/03/88,15.6,3,1988
2617,03/03/88,14.9,3,1988
2618,04/03/88,14.8,3,1988
2619,05/03/88,12.7,3,1988
2620,06/03/88,14.2,3,1988
2621,07/03/88,16.8,3,1988
2622,08/03/88,16.7,3,1988
2623,09/03/88,16.2,3,1988
2624,10/03/88,14.5,3,1988
2625,11/03/88,10.0,3,1988
2626,12/03/88,12.6,3,1988
2627,13/03/88,11.9,3,1988
2628,14/03/88,11.8,3,1988
2629,15/03/88,13.4,3,1988
2630,16/03/88,14.5,3,1988
2631,17/03/88,15.7,3,1988
2632,18/03/88,15.3,3,1988
2633,19/03/88,13.9,3,1988
2634,20/03/88,13.7,3,1988
2635,21/03/88,15.1,3,1988
2636,22/03/88,15.6,3,1988
2637,23/03/88,14.4,3,1988
2638,24/03/88,13.9,3,1988
2639,25/03/88,16.2,3,1988
2640,26/03/88,16.7,3,1988
2641,27/03/88,15.5,3,1988
2642,28/03/88,16.4,3,1988
2643,29/03/88,17.5,3,1988
2644,30/03/88,18.2,3,1988
2645,31/03/88,16.1,3,1988
2646,01/04/88,16.5,4,1988
2647,02/04/88,14.6,4,1988
2648,03/04/88,16.4,4,1988
2649,04/04/88,13.6,4,1988
2650,05/04/88,15.9,4,1988
2651,06/04/88,11.9,4,1988
2652,07/04/88,14.7,4,1988
2653,08/04/88,9.4,4,1988
2654,09/04/88,6.6,4,1988
2655,10/04/88,7.9,4,1988
2656,11/04/88,11.0,4,1988
2657,12/04/88,15.7,4,1988
2658,13/04/88,15.2,4,1988
2659,14/04/88,15.9,4,1988
2660,15/04/88,10.6,4,1988
2661,16/04/88,8.3,4,1988
2662,17/04/88,8.6,4,1988
2663,18/04/88,12.7,4,1988
2664,19/04/88,10.5,4,1988
2665,20/04/88,12.0,4,1988
2666,21/04/88,11.1,4,1988
2667,22/04/88,13.0,4,1988
2668,23/04/88,12.4,4,1988
2669,24/04/88,13.3,4,1988
2670,25/04/88,15.9,4,1988
2671,26/04/88,12.0,4,1988
2672,27/04/88,13.7,4,1988
2673,28/04/88,17.6,4,1988
2674,29/04/88,14.3,4,1988
2675,30/04/88,13.7,4,1988
2676,01/05/88,15.2,5,1988
2677,02/05/88,14.5,5,1988
2678,03/05/88,14.9,5,1988
2679,04/05/88,15.5,5,1988
2680,05/05/88,16.4,5,1988
2681,06/05/88,14.5,5,1988
2682,07/05/88,12.6,5,1988
2683,08/05/88,13.6,5,1988
2684,09/05/88,11.2,5,1988
2685,10/05/88,11.0,5,1988
2686,11/05/88,12.0,5,1988
2687,12/05/88,6.8,5,1988
2688,13/05/88,10.6,5,1988
2689,14/05/88,13.1,5,1988
2690,15/05/88,13.5,5,1988
2691,16/05/88,11.7,5,1988
2692,17/05/88,13.2,5,1988
2693,18/05/88,12.0,5,1988
2694,19/05/88,10.4,5,1988
2695,20/05/88,10.0,5,1988
2696,21/05/88,8.2,5,1988
2697,22/05/88,9.4,5,1988
2698,23/05/88,10.3,5,1988
2699,24/05/88,8.1,5,1988
2700,25/05/88,8.7,5,1988
2701,26/05/88,12.6,5,1988
2702,27/05/88,10.9,5,1988
2703,28/05/88,8.7,5,1988
2704,29/05/88,9.3,5,1988
2705,30/05/88,6.3,5,1988
2706,31/05/88,7.8,5,1988
2707,01/06/88,10.0,6,1988
2708,02/06/88,11.0,6,1988
2709,03/06/88,11.1,6,1988
2710,04/06/88,12.6,6,1988
2711,05/06/88,10.2,6,1988
2712,06/06/88,11.1,6,1988
2713,07/06/88,8.7,6,1988
2714,08/06/88,9.5,6,1988
2715,09/06/88,9.7,6,1988
2716,10/06/88,8.2,6,1988
2717,11/06/88,5.0,6,1988
2718,12/06/88,6.5,6,1988
2719,13/06/88,12.1,6,1988
2720,14/06/88,8.9,6,1988
2721,15/06/88,6.1,6,1988
2722,16/06/88,2.8,6,1988
2723,17/06/88,3.7,6,1988
2724,18/06/88,6.8,6,1988
2725,19/06/88,6.6,6,1988
2726,20/06/88,7.0,6,1988
2727,21/06/88,7.3,6,1988
2728,22/06/88,7.9,6,1988
2729,23/06/88,10.6,6,1988
2730,24/06/88,8.1,6,1988
2731,25/06/88,6.7,6,1988
2732,26/06/88,8.0,6,1988
2733,27/06/88,10.0,6,1988
2734,28/06/88,6.7,6,1988
2735,29/06/88,9.4,6,1988
2736,30/06/88,9.3,6,1988
2737,01/07/88,6.0,7,1988
2738,02/07/88,5.8,7,1988
2739,03/07/88,4.9,7,1988
2740,04/07/88,5.0,7,1988
2741,05/07/88,8.4,7,1988
2742,06/07/88,12.3,7,1988
2743,07/07/88,13.0,7,1988
2744,08/07/88,11.4,7,1988
2745,09/07/88,6.8,7,1988
2746,10/07/88,7.6,7,1988
2747,11/07/88,12.4,7,1988
2748,12/07/88,7.1,7,1988
2749,13/07/88,7.5,7,1988
2750,14/07/88,10.0,7,1988
2751,15/07/88,5.3,7,1988
2752,16/07/88,6.3,7,1988
2753,17/07/88,8.0,7,1988
2754,18/07/88,8.3,7,1988
2755,19/07/88,9.3,7,1988
2756,20/07/88,9.5,7,1988
2757,21/07/88,5.6,7,1988
2758,22/07/88,7.0,7,1988
2759,23/07/88,8.5,7,1988
2760,24/07/88,8.5,7,1988
2761,25/07/88,8.2,7,1988
2762,26/07/88,8.5,7,1988
2763,27/07/88,9.6,7,1988
2764,28/07/88,9.7,7,1988
2765,29/07/88,7.1,7,1988
2766,30/07/88,8.4,7,1988
2767,31/07/88,9.2,7,1988
2768,01/08/88,9.8,8,1988
2769,02/08/88,8.1,8,1988
2770,03/08/88,9.4,8,1988
2771,04/08/88,10.0,8,1988
2772,05/08/88,5.1,8,1988
2773,06/08/88,6.7,8,1988
2774,07/08/88,6.9,8,1988
2775,08/08/88,6.8,8,1988
2776,09/08/88,8.6,8,1988
2777,10/08/88,9.1,8,1988
2778,11/08/88,3.9,8,1988
2779,12/08/88,4.8,8,1988
2780,13/08/88,8.4,8,1988
2781,14/08/88,11.6,8,1988
2782,15/08/88,12.1,8,1988
2783,16/08/88,12.4,8,1988
2784,17/08/88,10.0,8,1988
2785,18/08/88,10.1,8,1988
2786,19/08/88,9.7,8,1988
2787,20/08/88,11.7,8,1988
2788,21/08/88,7.9,8,1988
2789,22/08/88,8.6,8,1988
2790,23/08/88,7.7,8,1988
2791,24/08/88,5.8,8,1988
2792,25/08/88,8.7,8,1988
2793,26/08/88,10.6,8,1988
2794,27/08/88,6.7,8,1988
2795,28/08/88,8.8,8,1988
2796,29/08/88,9.7,8,1988
2797,30/08/88,9.0,8,1988
2798,31/08/88,11.8,8,1988
2799,01/09/88,15.2,9,1988
2800,02/09/88,10.0,9,1988
2801,03/09/88,10.5,9,1988
2802,04/09/88,5.5,9,1988
2803,05/09/88,9.4,9,1988
2804,06/09/88,8.8,9,1988
2805,07/09/88,5.3,9,1988
2806,08/09/88,13.0,9,1988
2807,09/09/88,15.2,9,1988
2808,10/09/88,13.2,9,1988
2809,11/09/88,11.5,9,1988
2810,12/09/88,6.8,9,1988
2811,13/09/88,4.7,9,1988
2812,14/09/88,5.2,9,1988
2813,15/09/88,6.8,9,1988
2814,16/09/88,10.7,9,1988
2815,17/09/88,10.1,9,1988
2816,18/09/88,10.0,9,1988
2817,19/09/88,9.8,9,1988
2818,20/09/88,5.5,9,1988
2819,21/09/88,13.5,9,1988
2820,22/09/88,16.6,9,1988
2821,23/09/88,8.4,9,1988
2822,24/09/88,8.2,9,1988
2823,25/09/88,11.1,9,1988
2824,26/09/88,10.8,9,1988
2825,27/09/88,8.8,9,1988
2826,28/09/88,10.8,9,1988
2827,29/09/88,8.7,9,1988
2828,30/09/88,12.4,9,1988
2829,01/10/88,9.0,10,1988
2830,02/10/88,13.5,10,1988
2831,03/10/88,14.7,10,1988
2832,04/10/88,10.9,10,1988
2833,05/10/88,8.5,10,1988
2834,06/10/88,6.0,10,1988
2835,07/10/88,12.7,10,1988
2836,08/10/88,11.1,10,1988
2837,09/10/88,8.7,10,1988
2838,10/10/88,12.3,10,1988
2839,11/10/88,13.3,10,1988
2840,12/10/88,5.6,10,1988
2841,13/10/88,13.7,10,1988
2842,14/10/88,8.5,10,1988
2843,15/10/88,11.2,10,1988
2844,16/10/88,8.7,10,1988
2845,17/10/88,11.7,10,1988
2846,18/10/88,12.5,10,1988
2847,19/10/88,8.2,10,1988
2848,20/10/88,15.6,10,1988
2849,21/10/88,10.3,10,1988
2850,22/10/88,11.4,10,1988
2851,23/10/88,9.7,10,1988
2852,24/10/88,6.3,10,1988
2853,25/10/88,14.3,10,1988
2854,26/10/88,11.3,10,1988
2855,27/10/88,7.3,10,1988
2856,28/10/88,12.8,10,1988
2857,29/10/88,11.9,10,1988
2858,30/10/88,14.3,10,1988
2859,31/10/88,11.6,10,1988
2860,01/11/88,13.2,11,1988
2861,02/11/88,15.5,11,1988
2862,03/11/88,14.1,11,1988
2863,04/11/88,9.5,11,1988
2864,05/11/88,7.2,11,1988
2865,06/11/88,11.8,11,1988
2866,07/11/88,16.8,11,1988
2867,08/11/88,12.5,11,1988
2868,09/11/88,9.4,11,1988
2869,10/11/88,11.9,11,1988
2870,11/11/88,10.3,11,1988
2871,12/11/88,16.9,11,1988
2872,13/11/88,17.5,11,1988
2873,14/11/88,7.5,11,1988
2874,15/11/88,8.6,11,1988
2875,16/11/88,11.1,11,1988
2876,17/11/88,11.5,11,1988
2877,18/11/88,10.7,11,1988
2878,19/11/88,15.7,11,1988
2879,20/11/88,12.8,11,1988
2880,21/11/88,13.0,11,1988
2881,22/11/88,12.9,11,1988
2882,23/11/88,14.3,11,1988
2883,24/11/88,13.7,11,1988
2884,25/11/88,12.1,11,1988
2885,26/11/88,11.9,11,1988
2886,27/11/88,11.8,11,1988
2887,28/11/88,11.4,11,1988
2888,29/11/88,10.3,11,1988
2889,30/11/88,11.7,11,1988
2890,01/12/88,12.0,12,1988
2891,02/12/88,17.4,12,1988
2892,03/12/88,16.8,12,1988
2893,04/12/88,16.2,12,1988
2894,05/12/88,13.0,12,1988
2895,06/12/88,12.5,12,1988
2896,07/12/88,12.4,12,1988
2897,08/12/88,16.1,12,1988
2898,09/12/88,20.2,12,1988
2899,10/12/88,14.3,12,1988
2900,11/12/88,11.0,12,1988
2901,12/12/88,14.4,12,1988
2902,13/12/88,15.7,12,1988
2903,14/12/88,19.7,12,1988
2904,15/12/88,20.7,12,1988
2905,16/12/88,23.9,12,1988
2906,17/12/88,16.6,12,1988
2907,18/12/88,17.5,12,1988
2908,19/12/88,14.9,12,1988
2909,20/12/88,13.6,12,1988
2910,21/12/88,11.9,12,1988
2911,22/12/88,15.2,12,1988
2912,23/12/88,17.3,12,1988
2913,24/12/88,19.8,12,1988
2914,25/12/88,15.8,12,1988
2915,26/12/88,9.5,12,1988
2916,27/12/88,12.9,12,1988
2917,28/12/88,12.9,12,1988
2918,29/12/88,14.8,12,1988
2919,30/12/88,14.1,12,1988
2920,01/01/89,14.3,1,1989
2921,02/01/89,17.4,1,1989
2922,03/01/89,18.5,1,1989
2923,04/01/89,16.8,1,1989
2924,05/01/89,11.5,1,1989
2925,06/01/89,9.5,1,1989
2926,07/01/89,12.2,1,1989
2927,08/01/89,15.7,1,1989
2928,09/01/89,16.3,1,1989
2929,10/01/89,13.6,1,1989
2930,11/01/89,12.6,1,1989
2931,12/01/89,13.8,1,1989
2932,13/01/89,12.1,1,1989
2933,14/01/89,13.4,1,1989
2934,15/01/89,17.3,1,1989
2935,16/01/89,19.4,1,1989
2936,17/01/89,16.6,1,1989
2937,18/01/89,13.9,1,1989
2938,19/01/89,13.1,1,1989
2939,20/01/89,16.0,1,1989
2940,21/01/89,14.5,1,1989
2941,22/01/89,15.0,1,1989
2942,23/01/89,12.6,1,1989
2943,24/01/89,12.5,1,1989
2944,25/01/89,15.2,1,1989
2945,26/01/89,16.2,1,1989
2946,27/01/89,16.5,1,1989
2947,28/01/89,20.1,1,1989
2948,29/01/89,20.6,1,1989
2949,30/01/89,16.9,1,1989
2950,31/01/89,16.5,1,1989
2951,01/02/89,16.1,2,1989
2952,02/02/89,14.4,2,1989
2953,03/02/89,16.3,2,1989
2954,04/02/89,15.7,2,1989
2955,05/02/89,14.2,2,1989
2956,06/02/89,13.2,2,1989
2957,07/02/89,16.8,2,1989
2958,08/02/89,18.5,2,1989
2959,09/02/89,16.7,2,1989
2960,10/02/89,15.3,2,1989
2961,11/02/89,15.9,2,1989
2962,12/02/89,15.2,2,1989
2963,13/02/89,17.5,2,1989
2964,14/02/89,18.3,2,1989
2965,15/02/89,19.4,2,1989
2966,16/02/89,19.4,2,1989
2967,17/02/89,19.5,2,1989
2968,18/02/89,20.5,2,1989
2969,19/02/89,15.7,2,1989
2970,20/02/89,15.0,2,1989
2971,21/02/89,16.1,2,1989
2972,22/02/89,14.3,2,1989
2973,23/02/89,13.0,2,1989
2974,24/02/89,16.2,2,1989
2975,25/02/89,17.7,2,1989
2976,26/02/89,13.2,2,1989
2977,27/02/89,15.8,2,1989
2978,28/02/89,18.5,2,1989
2979,01/03/89,20.4,3,1989
2980,02/03/89,22.0,3,1989
2981,03/03/89,19.7,3,1989
2982,04/03/89,19.6,3,1989
2983,05/03/89,20.3,3,1989
2984,06/03/89,18.3,3,1989
2985,07/03/89,18.9,3,1989
2986,08/03/89,20.3,3,1989
2987,09/03/89,21.4,3,1989
2988,10/03/89,18.3,3,1989
2989,11/03/89,17.8,3,1989
2990,12/03/89,17.7,3,1989
2991,13/03/89,12.8,3,1989
2992,14/03/89,15.1,3,1989
2993,15/03/89,15.0,3,1989
2994,16/03/89,14.8,3,1989
2995,17/03/89,12.0,3,1989
2996,18/03/89,12.5,3,1989
2997,19/03/89,15.0,3,1989
2998,20/03/89,17.1,3,1989
2999,21/03/89,17.3,3,1989
3000,22/03/89,16.9,3,1989
3001,23/03/89,16.5,3,1989
3002,24/03/89,13.6,3,1989
3003,25/03/89,13.2,3,1989
3004,26/03/89,9.4,3,1989
3005,27/03/89,9.5,3,1989
3006,28/03/89,11.8,3,1989
3007,29/03/89,10.4,3,1989
3008,30/03/89,9.7,3,1989
3009,31/03/89,12.6,3,1989
3010,01/04/89,13.3,4,1989
3011,02/04/89,15.1,4,1989
3012,03/04/89,14.2,4,1989
3013,04/04/89,14.2,4,1989
3014,05/04/89,19.2,4,1989
3015,06/04/89,12.6,4,1989
3016,07/04/89,14.2,4,1989
3017,08/04/89,11.9,4,1989
3018,09/04/89,13.9,4,1989
3019,10/04/89,13.5,4,1989
3020,11/04/89,15.3,4,1989
3021,12/04/89,13.9,4,1989
3022,13/04/89,14.0,4,1989
3023,14/04/89,12.9,4,1989
3024,15/04/89,8.5,4,1989
3025,16/04/89,11.4,4,1989
3026,17/04/89,10.9,4,1989
3027,18/04/89,12.0,4,1989
3028,19/04/89,8.6,4,1989
3029,20/04/89,9.0,4,1989
3030,21/04/89,9.6,4,1989
3031,22/04/89,10.2,4,1989
3032,23/04/89,9.8,4,1989
3033,24/04/89,8.3,4,1989
3034,25/04/89,11.0,4,1989
3035,26/04/89,11.9,4,1989
3036,27/04/89,14.0,4,1989
3037,28/04/89,15.8,4,1989
3038,29/04/89,14.5,4,1989
3039,30/04/89,13.2,4,1989
3040,01/05/89,14.2,5,1989
3041,02/05/89,14.6,5,1989
3042,03/05/89,11.8,5,1989
3043,04/05/89,14.4,5,1989
3044,05/05/89,10.4,5,1989
3045,06/05/89,10.3,5,1989
3046,07/05/89,10.8,5,1989
3047,08/05/89,10.5,5,1989
3048,09/05/89,9.5,5,1989
3049,10/05/89,12.5,5,1989
3050,11/05/89,13.7,5,1989
3051,12/05/89,12.7,5,1989
3052,13/05/89,11.9,5,1989
3053,14/05/89,11.4,5,1989
3054,15/05/89,9.7,5,1989
3055,16/05/89,8.3,5,1989
3056,17/05/89,8.1,5,1989
3057,18/05/89,11.7,5,1989
3058,19/05/89,11.6,5,1989
3059,20/05/89,7.4,5,1989
3060,21/05/89,5.2,5,1989
3061,22/05/89,11.0,5,1989
3062,23/05/89,9.5,5,1989
3063,24/05/89,9.2,5,1989
3064,25/05/89,10.7,5,1989
3065,26/05/89,9.0,5,1989
3066,27/05/89,10.2,5,1989
3067,28/05/89,10.3,5,1989
3068,29/05/89,12.1,5,1989
3069,30/05/89,13.2,5,1989
3070,31/05/89,6.6,5,1989
3071,01/06/89,2.3,6,1989
3072,02/06/89,1.4,6,1989
3073,03/06/89,2.1,6,1989
3074,04/06/89,6.6,6,1989
3075,05/06/89,8.9,6,1989
3076,06/06/89,7.8,6,1989
3077,07/06/89,9.0,6,1989
3078,08/06/89,10.3,6,1989
3079,09/06/89,7.9,6,1989
3080,10/06/89,7.2,6,1989
3081,11/06/89,8.6,6,1989
3082,12/06/89,8.8,6,1989
3083,13/06/89,6.2,6,1989
3084,14/06/89,9.5,6,1989
3085,15/06/89,10.2,6,1989
3086,16/06/89,9.7,6,1989
3087,17/06/89,11.2,6,1989
3088,18/06/89,10.2,6,1989
3089,19/06/89,10.1,6,1989
3090,20/06/89,8.1,6,1989
3091,21/06/89,6.6,6,1989
3092,22/06/89,5.0,6,1989
3093,23/06/89,4.7,6,1989
3094,24/06/89,5.3,6,1989
3095,25/06/89,4.5,6,1989
3096,26/06/89,2.3,6,1989
3097,27/06/89,1.4,6,1989
3098,28/06/89,0.5,6,1989
3099,29/06/89,2.4,6,1989
3100,30/06/89,8.0,6,1989
3101,01/07/89,6.0,7,1989
3102,02/07/89,7.1,7,1989
3103,03/07/89,9.7,7,1989
3104,04/07/89,6.9,7,1989
3105,05/07/89,5.3,7,1989
3106,06/07/89,7.0,7,1989
3107,07/07/89,6.2,7,1989
3108,08/07/89,7.0,7,1989
3109,09/07/89,9.7,7,1989
3110,10/07/89,8.0,7,1989
3111,11/07/89,8.5,7,1989
3112,12/07/89,7.1,7,1989
3113,13/07/89,7.5,7,1989
3114,14/07/89,3.3,7,1989
3115,15/07/89,1.8,7,1989
3116,16/07/89,2.6,7,1989
3117,17/07/89,5.3,7,1989
3118,18/07/89,5.8,7,1989
3119,19/07/89,5.8,7,1989
3120,20/07/89,7.2,7,1989
3121,21/07/89,5.3,7,1989
3122,22/07/89,1.6,7,1989
3123,23/07/89,3.1,7,1989
3124,24/07/89,5.3,7,1989
3125,25/07/89,7.7,7,1989
3126,26/07/89,4.2,7,1989
3127,27/07/89,5.5,7,1989
3128,28/07/89,9.0,7,1989
3129,29/07/89,11.2,7,1989
3130,30/07/89,8.0,7,1989
3131,31/07/89,7.6,7,1989
3132,01/08/89,3.7,8,1989
3133,02/08/89,7.5,8,1989
3134,03/08/89,8.1,8,1989
3135,04/08/89,8.4,8,1989
3136,05/08/89,7.1,8,1989
3137,06/08/89,7.6,8,1989
3138,07/08/89,7.6,8,1989
3139,08/08/89,5.6,8,1989
3140,09/08/89,7.0,8,1989
3141,10/08/89,10.5,8,1989
3142,11/08/89,7.3,8,1989
3143,12/08/89,7.8,8,1989
3144,13/08/89,5.8,8,1989
3145,14/08/89,3.8,8,1989
3146,15/08/89,5.8,8,1989
3147,16/08/89,6.7,8,1989
3148,17/08/89,6.6,8,1989
3149,18/08/89,6.6,8,1989
3150,19/08/89,9.0,8,1989
3151,20/08/89,8.1,8,1989
3152,21/08/89,5.1,8,1989
3153,22/08/89,8.6,8,1989
3154,23/08/89,7.0,8,1989
3155,24/08/89,5.5,8,1989
3156,25/08/89,7.4,8,1989
3157,26/08/89,6.2,8,1989
3158,27/08/89,4.2,8,1989
3159,28/08/89,6.3,8,1989
3160,29/08/89,7.0,8,1989
3161,30/08/89,4.0,8,1989
3162,31/08/89,8.0,8,1989
3163,01/09/89,8.8,9,1989
3164,02/09/89,8.8,9,1989
3165,03/09/89,6.1,9,1989
3166,04/09/89,8.6,9,1989
3167,05/09/89,8.9,9,1989
3168,06/09/89,7.8,9,1989
3169,07/09/89,5.0,9,1989
3170,08/09/89,7.0,9,1989
3171,09/09/89,13.3,9,1989
3172,10/09/89,7.9,9,1989
3173,11/09/89,7.5,9,1989
3174,12/09/89,8.3,9,1989
3175,13/09/89,7.2,9,1989
3176,14/09/89,6.5,9,1989
3177,15/09/89,8.9,9,1989
3178,16/09/89,7.4,9,1989
3179,17/09/89,9.9,9,1989
3180,18/09/89,9.3,9,1989
3181,19/09/89,10.6,9,1989
3182,20/09/89,8.6,9,1989
3183,21/09/89,7.2,9,1989
3184,22/09/89,12.6,9,1989
3185,23/09/89,7.8,9,1989
3186,24/09/89,6.3,9,1989
3187,25/09/89,9.2,9,1989
3188,26/09/89,5.8,9,1989
3189,27/09/89,9.0,9,1989
3190,28/09/89,5.0,9,1989
3191,29/09/89,11.9,9,1989
3192,30/09/89,13.4,9,1989
3193,01/10/89,10.5,10,1989
3194,02/10/89,6.2,10,1989
3195,03/10/89,5.1,10,1989
3196,04/10/89,9.5,10,1989
3197,05/10/89,11.7,10,1989
3198,06/10/89,9.2,10,1989
3199,07/10/89,7.3,10,1989
3200,08/10/89,9.7,10,1989
3201,09/10/89,9.4,10,1989
3202,10/10/89,10.0,10,1989
3203,11/10/89,10.9,10,1989
3204,12/10/89,11.0,10,1989
3205,13/10/89,10.9,10,1989
3206,14/10/89,8.0,10,1989
3207,15/10/89,11.2,10,1989
3208,16/10/89,7.5,10,1989
3209,17/10/89,7.2,10,1989
3210,18/10/89,13.2,10,1989
3211,19/10/89,12.9,10,1989
3212,20/10/89,9.4,10,1989
3213,21/10/89,10.2,10,1989
3214,22/10/89,9.5,10,1989
3215,23/10/89,12.4,10,1989
3216,24/10/89,10.2,10,1989
3217,25/10/89,13.4,10,1989
3218,26/10/89,11.6,10,1989
3219,27/10/89,8.0,10,1989
3220,28/10/89,9.0,10,1989
3221,29/10/89,9.3,10,1989
3222,30/10/89,13.5,10,1989
3223,31/10/89,8.0,10,1989
3224,01/11/89,8.1,11,1989
3225,02/11/89,10.0,11,1989
3226,03/11/89,8.5,11,1989
3227,04/11/89,12.5,11,1989
3228,05/11/89,15.0,11,1989
3229,06/11/89,13.3,11,1989
3230,07/11/89,11.0,11,1989
3231,08/11/89,11.9,11,1989
3232,09/11/89,8.3,11,1989
3233,10/11/89,9.7,11,1989
3234,11/11/89,11.3,11,1989
3235,12/11/89,12.5,11,1989
3236,13/11/89,9.4,11,1989
3237,14/11/89,11.4,11,1989
3238,15/11/89,13.2,11,1989
3239,16/11/89,13.8,11,1989
3240,17/11/89,16.0,11,1989
3241,18/11/89,10.9,11,1989
3242,19/11/89,11.9,11,1989
3243,20/11/89,12.4,11,1989
3244,21/11/89,13.2,11,1989
3245,22/11/89,15.5,11,1989
3246,23/11/89,21.6,11,1989
3247,24/11/89,14.9,11,1989
3248,25/11/89,14.4,11,1989
3249,26/11/89,12.9,11,1989
3250,27/11/89,13.1,11,1989
3251,28/11/89,14.0,11,1989
3252,29/11/89,17.9,11,1989
3253,30/11/89,17.7,11,1989
3254,01/12/89,16.3,12,1989
3255,02/12/89,18.3,12,1989
3256,03/12/89,13.7,12,1989
3257,04/12/89,13.3,12,1989
3258,05/12/89,10.6,12,1989
3259,06/12/89,14.1,12,1989
3260,07/12/89,16.0,12,1989
3261,08/12/89,16.5,12,1989
3262,09/12/89,14.1,12,1989
3263,10/12/89,18.7,12,1989
3264,11/12/89,16.2,12,1989
3265,12/12/89,14.8,12,1989
3266,13/12/89,12.6,12,1989
3267,14/12/89,10.4,12,1989
3268,15/12/89,12.2,12,1989
3269,16/12/89,12.6,12,1989
3270,17/12/89,12.1,12,1989
3271,18/12/89,17.3,12,1989
3272,19/12/89,16.4,12,1989
3273,20/12/89,12.6,12,1989
3274,21/12/89,12.3,12,1989
3275,22/12/89,11.8,12,1989
3276,23/12/89,12.0,12,1989
3277,24/12/89,12.7,12,1989
3278,25/12/89,16.4,12,1989
3279,26/12/89,16.0,12,1989
3280,27/12/89,13.3,12,1989
3281,28/12/89,11.7,12,1989
3282,29/12/89,10.4,12,1989
3283,30/12/89,14.4,12,1989
3284,31/12/89,12.7,12,1989
3285,01/01/90,14.8,1,1990
3286,02/01/90,13.3,1,1990
3287,03/01/90,15.6,1,1990
3288,04/01/90,14.5,1,1990
3289,05/01/90,14.3,1,1990
3290,06/01/90,15.3,1,1990
3291,07/01/90,16.4,1,1990
3292,08/01/90,14.8,1,1990
3293,09/01/90,17.4,1,1990
3294,10/01/90,18.8,1,1990
3295,11/01/90,22.1,1,1990
3296,12/01/90,19.0,1,1990
3297,13/01/90,15.5,1,1990
3298,14/01/90,15.8,1,1990
3299,15/01/90,14.7,1,1990
3300,16/01/90,10.7,1,1990
3301,17/01/90,11.5,1,1990
3302,18/01/90,15.0,1,1990
3303,19/01/90,14.5,1,1990
3304,20/01/90,14.5,1,1990
3305,21/01/90,13.3,1,1990
3306,22/01/90,14.3,1,1990
3307,23/01/90,14.3,1,1990
3308,24/01/90,20.5,1,1990
3309,25/01/90,15.0,1,1990
3310,26/01/90,17.1,1,1990
3311,27/01/90,16.9,1,1990
3312,28/01/90,16.9,1,1990
3313,29/01/90,13.6,1,1990
3314,30/01/90,16.4,1,1990
3315,31/01/90,16.1,1,1990
3316,01/02/90,12.0,2,1990
3317,02/02/90,12.2,2,1990
3318,03/02/90,14.8,2,1990
3319,04/02/90,14.8,2,1990
3320,05/02/90,14.4,2,1990
3321,06/02/90,12.9,2,1990
3322,07/02/90,13.4,2,1990
3323,08/02/90,15.9,2,1990
3324,09/02/90,16.1,2,1990
3325,10/02/90,17.6,2,1990
3326,11/02/90,15.6,2,1990
3327,12/02/90,15.0,2,1990
3328,13/02/90,13.0,2,1990
3329,14/02/90,14.1,2,1990
3330,15/02/90,17.3,2,1990
3331,16/02/90,15.7,2,1990
3332,17/02/90,18.6,2,1990
3333,18/02/90,12.7,2,1990
3334,19/02/90,14.0,2,1990
3335,20/02/90,13.7,2,1990
3336,21/02/90,16.3,2,1990
3337,22/02/90,20.0,2,1990
3338,23/02/90,17.0,2,1990
3339,24/02/90,15.2,2,1990
3340,25/02/90,16.5,2,1990
3341,26/02/90,16.5,2,1990
3342,27/02/90,17.3,2,1990
3343,28/02/90,19.1,2,1990
3344,01/03/90,19.3,3,1990
3345,02/03/90,17.3,3,1990
3346,03/03/90,19.0,3,1990
3347,04/03/90,19.8,3,1990
3348,05/03/90,19.3,3,1990
3349,06/03/90,17.2,3,1990
3350,07/03/90,14.2,3,1990
3351,08/03/90,10.3,3,1990
3352,09/03/90,13.0,3,1990
3353,10/03/90,15.3,3,1990
3354,11/03/90,15.0,3,1990
3355,12/03/90,12.1,3,1990
3356,13/03/90,9.2,3,1990
3357,14/03/90,11.0,3,1990
3358,15/03/90,15.0,3,1990
3359,16/03/90,11.6,3,1990
3360,17/03/90,11.6,3,1990
3361,18/03/90,15.1,3,1990
3362,19/03/90,15.0,3,1990
3363,20/03/90,13.6,3,1990
3364,21/03/90,12.5,3,1990
3365,22/03/90,14.3,3,1990
3366,23/03/90,16.0,3,1990
3367,24/03/90,17.4,3,1990
3368,25/03/90,16.9,3,1990
3369,26/03/90,18.0,3,1990
3370,27/03/90,20.6,3,1990
3371,28/03/90,14.2,3,1990
3372,29/03/90,10.9,3,1990
3373,30/03/90,11.9,3,1990
3374,31/03/90,13.3,3,1990
3375,01/04/90,15.3,4,1990
3376,02/04/90,14.7,4,1990
3377,03/04/90,11.0,4,1990
3378,04/04/90,12.2,4,1990
3379,05/04/90,14.2,4,1990
3380,06/04/90,17.0,4,1990
3381,07/04/90,15.8,4,1990
3382,08/04/90,15.2,4,1990
3383,09/04/90,15.1,4,1990
3384,10/04/90,14.7,4,1990
3385,11/04/90,18.5,4,1990
3386,12/04/90,16.4,4,1990
3387,13/04/90,18.4,4,1990
3388,14/04/90,15.1,4,1990
3389,15/04/90,9.9,4,1990
3390,16/04/90,10.2,4,1990
3391,17/04/90,12.6,4,1990
3392,18/04/90,13.2,4,1990
3393,19/04/90,11.5,4,1990
3394,20/04/90,13.8,4,1990
3395,21/04/90,14.5,4,1990
3396,22/04/90,14.7,4,1990
3397,23/04/90,11.2,4,1990
3398,24/04/90,12.7,4,1990
3399,25/04/90,13.7,4,1990
3400,26/04/90,11.5,4,1990
3401,27/04/90,10.4,4,1990
3402,28/04/90,8.9,4,1990
3403,29/04/90,11.1,4,1990
3404,30/04/90,9.5,4,1990
3405,01/05/90,13.0,5,1990
3406,02/05/90,13.9,5,1990
3407,03/05/90,12.6,5,1990
3408,04/05/90,14.3,5,1990
3409,05/05/90,16.0,5,1990
3410,06/05/90,13.3,5,1990
3411,07/05/90,7.0,5,1990
3412,08/05/90,4.9,5,1990
3413,09/05/90,6.9,5,1990
3414,10/05/90,13.7,5,1990
3415,11/05/90,10.6,5,1990
3416,12/05/90,12.3,5,1990
3417,13/05/90,11.1,5,1990
3418,14/05/90,10.2,5,1990
3419,15/05/90,9.5,5,1990
3420,16/05/90,8.9,5,1990
3421,17/05/90,13.4,5,1990
3422,18/05/90,9.1,5,1990
3423,19/05/90,9.4,5,1990
3424,20/05/90,8.7,5,1990
3425,21/05/90,5.8,5,1990
3426,22/05/90,4.5,5,1990
3427,23/05/90,7.2,5,1990
3428,24/05/90,10.0,5,1990
3429,25/05/90,10.5,5,1990
3430,26/05/90,10.7,5,1990
3431,27/05/90,8.2,5,1990
3432,28/05/90,6.1,5,1990
3433,29/05/90,4.5,5,1990
3434,30/05/90,6.1,5,1990
3435,31/05/90,9.8,5,1990
3436,01/06/90,9.7,6,1990
3437,02/06/90,8.2,6,1990
3438,03/06/90,8.4,6,1990
3439,04/06/90,8.5,6,1990
3440,05/06/90,10.4,6,1990
3441,06/06/90,6.8,6,1990
3442,07/06/90,6.0,6,1990
3443,08/06/90,6.6,6,1990
3444,09/06/90,7.8,6,1990
3445,10/06/90,10.3,6,1990
3446,11/06/90,7.2,6,1990
3447,12/06/90,7.4,6,1990
3448,13/06/90,11.4,6,1990
3449,14/06/90,5.4,6,1990
3450,15/06/90,4.4,6,1990
3451,16/06/90,6.4,6,1990
3452,17/06/90,9.3,6,1990
3453,18/06/90,7.7,6,1990
3454,19/06/90,8.1,6,1990
3455,20/06/90,8.3,6,1990
3456,21/06/90,9.1,6,1990
3457,22/06/90,7.7,6,1990
3458,23/06/90,10.6,6,1990
3459,24/06/90,8.2,6,1990
3460,25/06/90,7.9,6,1990
3461,26/06/90,5.2,6,1990
3462,27/06/90,5.9,6,1990
3463,28/06/90,3.7,6,1990
3464,29/06/90,5.6,6,1990
3465,30/06/90,9.4,6,1990
3466,01/07/90,7.4,7,1990
3467,02/07/90,7.3,7,1990
3468,03/07/90,7.7,7,1990
3469,04/07/90,7.7,7,1990
3470,05/07/90,9.3,7,1990
3471,06/07/90,4.4,7,1990
3472,07/07/90,5.7,7,1990
3473,08/07/90,10.2,7,1990
3474,09/07/90,10.2,7,1990
3475,10/07/90,9.3,7,1990
3476,11/07/90,5.4,7,1990
3477,12/07/90,5.0,7,1990
3478,13/07/90,7.6,7,1990
3479,14/07/90,9.6,7,1990
3480,15/07/90,10.4,7,1990
3481,16/07/90,11.2,7,1990
3482,17/07/90,9.1,7,1990
3483,18/07/90,11.2,7,1990
3484,19/07/90,6.8,7,1990
3485,20/07/90,8.3,7,1990
3486,21/07/90,9.7,7,1990
3487,22/07/90,9.6,7,1990
3488,23/07/90,9.8,7,1990
3489,24/07/90,10.8,7,1990
3490,25/07/90,9.2,7,1990
3491,26/07/90,6.5,7,1990
3492,27/07/90,8.1,7,1990
3493,28/07/90,7.3,7,1990
3494,29/07/90,7.9,7,1990
3495,30/07/90,6.0,7,1990
3496,31/07/90,5.0,7,1990
3497,01/08/90,6.8,8,1990
3498,02/08/90,9.8,8,1990
3499,03/08/90,5.7,8,1990
3500,04/08/90,8.6,8,1990
3501,05/08/90,10.6,8,1990
3502,06/08/90,7.8,8,1990
3503,07/08/90,7.7,8,1990
3504,08/08/90,8.6,8,1990
3505,09/08/90,6.5,8,1990
3506,10/08/90,6.9,8,1990
3507,11/08/90,6.4,8,1990
3508,12/08/90,8.5,8,1990
3509,13/08/90,7.8,8,1990
3510,14/08/90,9.3,8,1990
3511,15/08/90,8.4,8,1990
3512,16/08/90,7.8,8,1990
3513,17/08/90,7.4,8,1990
3514,18/08/90,7.7,8,1990
3515,19/08/90,8.9,8,1990
3516,20/08/90,9.7,8,1990
3517,21/08/90,9.9,8,1990
3518,22/08/90,6.1,8,1990
3519,23/08/90,6.6,8,1990
3520,24/08/90,7.6,8,1990
3521,25/08/90,7.4,8,1990
3522,26/08/90,8.0,8,1990
3523,27/08/90,2.1,8,1990
3524,28/08/90,5.9,8,1990
3525,29/08/90,11.6,8,1990
3526,30/08/90,8.6,8,1990
3527,31/08/90,7.9,8,1990
3528,01/09/90,6.0,9,1990
3529,02/09/90,9.5,9,1990
3530,03/09/90,8.6,9,1990
3531,04/09/90,7.6,9,1990
3532,05/09/90,10.4,9,1990
3533,06/09/90,10.3,9,1990
3534,07/09/90,7.5,9,1990
3535,08/09/90,3.0,9,1990
3536,09/09/90,5.3,9,1990
3537,10/09/90,10.5,9,1990
3538,11/09/90,14.6,9,1990
3539,12/09/90,12.6,9,1990
3540,13/09/90,9.8,9,1990
3541,14/09/90,7.2,9,1990
3542,15/09/90,10.1,9,1990
3543,16/09/90,10.4,9,1990
3544,17/09/90,3.7,9,1990
3545,18/09/90,7.3,9,1990
3546,19/09/90,11.6,9,1990
3547,20/09/90,16.3,9,1990
3548,21/09/90,9.6,9,1990
3549,22/09/90,6.8,9,1990
3550,23/09/90,5.2,9,1990
3551,24/09/90,10.6,9,1990
3552,25/09/90,16.3,9,1990
3553,26/09/90,9.8,9,1990
3554,27/09/90,4.6,9,1990
3555,28/09/90,11.1,9,1990
3556,29/09/90,8.7,9,1990
3557,30/09/90,10.0,9,1990
3558,01/10/90,11.3,10,1990
3559,02/10/90,10.5,10,1990
3560,03/10/90,9.9,10,1990
3561,04/10/90,11.0,10,1990
3562,05/10/90,14.0,10,1990
3563,06/10/90,9.2,10,1990
3564,07/10/90,9.8,10,1990
3565,08/10/90,6.0,10,1990
3566,09/10/90,9.8,10,1990
3567,10/10/90,9.2,10,1990
3568,11/10/90,11.8,10,1990
3569,12/10/90,10.3,10,1990
3570,13/10/90,7.5,10,1990
3571,14/10/90,7.7,10,1990
3572,15/10/90,15.8,10,1990
3573,16/10/90,14.6,10,1990
3574,17/10/90,10.5,10,1990
3575,18/10/90,11.3,10,1990
3576,19/10/90,10.9,10,1990
3577,20/10/90,6.4,10,1990
3578,21/10/90,10.9,10,1990
3579,22/10/90,9.0,10,1990
3580,23/10/90,10.9,10,1990
3581,24/10/90,12.4,10,1990
3582,25/10/90,11.6,10,1990
3583,26/10/90,13.3,10,1990
3584,27/10/90,14.4,10,1990
3585,28/10/90,18.4,10,1990
3586,29/10/90,13.6,10,1990
3587,30/10/90,14.9,10,1990
3588,31/10/90,14.8,10,1990
3589,01/11/90,15.4,11,1990
3590,02/11/90,11.8,11,1990
3591,03/11/90,13.0,11,1990
3592,04/11/90,11.1,11,1990
3593,05/11/90,12.5,11,1990
3594,06/11/90,18.3,11,1990
3595,07/11/90,19.2,11,1990
3596,08/11/90,15.4,11,1990
3597,09/11/90,13.1,11,1990
3598,10/11/90,11.5,11,1990
3599,11/11/90,8.6,11,1990
3600,12/11/90,12.6,11,1990
3601,13/11/90,13.8,11,1990
3602,14/11/90,14.6,11,1990
3603,15/11/90,13.2,11,1990
3604,16/11/90,12.3,11,1990
3605,17/11/90,8.8,11,1990
3606,18/11/90,10.7,11,1990
3607,19/11/90,9.9,11,1990
3608,20/11/90,8.3,11,1990
3609,21/11/90,15.0,11,1990
3610,22/11/90,12.2,11,1990
3611,23/11/90,10.5,11,1990
3612,24/11/90,11.1,11,1990
3613,25/11/90,13.0,11,1990
3614,26/11/90,12.9,11,1990
3615,27/11/90,8.8,11,1990
3616,28/11/90,14.7,11,1990
3617,29/11/90,14.7,11,1990
3618,30/11/90,12.7,11,1990
3619,01/12/90,13.3,12,1990
3620,02/12/90,13.2,12,1990
3621,03/12/90,16.2,12,1990
3622,04/12/90,17.3,12,1990
3623,05/12/90,20.5,12,1990
3624,06/12/90,20.2,12,1990
3625,07/12/90,19.4,12,1990
3626,08/12/90,15.5,12,1990
3627,09/12/90,14.1,12,1990
3628,10/12/90,11.0,12,1990
3629,11/12/90,11.1,12,1990
3630,12/12/90,14.0,12,1990
3631,13/12/90,11.4,12,1990
3632,14/12/90,12.5,12,1990
3633,15/12/90,13.4,12,1990
3634,16/12/90,13.6,12,1990
3635,17/12/90,13.9,12,1990
3636,18/12/90,17.2,12,1990
3637,19/12/90,14.7,12,1990
3638,20/12/90,15.4,12,1990
3639,21/12/90,13.1,12,1990
3640,22/12/90,13.2,12,1990
3641,23/12/90,13.9,12,1990
3642,24/12/90,10.0,12,1990
3643,25/12/90,12.9,12,1990
3644,26/12/90,14.6,12,1990
3645,27/12/90,14.0,12,1990
3646,28/12/90,13.6,12,1990
3647,29/12/90,13.5,12,1990
3648,30/12/90,15.7,12,1990
3649,31/12/90,13.0,12,1990
